filename,url,md5,sha256
3store3-3.0.17.tar.gz,https://sourceforge.net/projects/threestore/files/threestore-v3/3.0.17/3store3-3.0.17.tar.gz,6e5dceaa076e603e618384e01da6a50a,e5f7683ff8eff030b2c1a9dd95de2f3900d87e736939d5ea20f766d1b6360d7f
a2ps-4.14.tar.gz,https://ftp.gnu.org/gnu/a2ps/a2ps-4.14.tar.gz,781ac3d9b213fa3e1ed0d79f986dc8c7,f3ae8d3d4564a41b6e2a21f237d2f2b104f48108591e8b83497500182a3ab3a4
a52dec_0.7.4.orig.tar.gz,https://archive.debian.org/debian-archive/debian/pool/main/a/a52dec/a52dec_0.7.4.orig.tar.gz,caa9f5bc44232dc8aeea773fea56be80,a21d724ab3b3933330194353687df82c475b5dfb997513eef4c25de6c865ec33
aalib-1.4rc5.tar.gz,https://downloads.sourceforge.net/aa-project/aalib-1.4rc5.tar.gz,9801095c42bba12edebd1902bcf0a990,fbddda9230cf6ee2a4f5706b4b11e2190ae45f5eda1f0409dc4f99b35e0a70ee
abiword-2.9.4.tar.gz,https://ftp.ludd.ltu.se/mirrors/blfs/conglomeration/abiword/abiword-2.9.4.tar.gz,62e59bea4279c7ec48de8824aea8dc58,d06b731feb23cbe7b28f5a4afd875e013bfecf8482f7a8bead0afaf74370bbd4
accountsservice-0.6.34.tar.xz,https://www.freedesktop.org/software/accountsservice/accountsservice-0.6.34.tar.xz,dbf4323b688a314b4bf76890ad6d5279,15672a6e87a218e2a2c09947e340cc6617cd5ccb201da6885c409c16362d6b14
acl-2.2.52.src.tar.gz,https://download-mirror.savannah.gnu.org/releases/acl/acl-2.2.52.src.tar.gz,a61415312426e9c2212bd7dc7929abda,179074bb0580c06c4b4137be4c5a92a701583277967acdb5546043c7874e0d23
acpid-2.0.19.tar.xz,https://downloads.sourceforge.net/acpid2/acpid-2.0.19.tar.xz,0b07a982e3e28cf37645f2c6269af72e,ce503bf3f36002b45a465dc8a2490c16c553abd5bc2c1c8ece86247ec281dcde
adns-1.4.tar.gz,https://www.chiark.greenend.org.uk/~ian/adns/ftp/adns-1.4.tar.gz,88bc7bbf3f62a8d4fb186b8f72ead853,717b92a39117a5d8b04ea7c652c630659c6eecb35211129a8cee95e6524ca9fe
agg-2.5.tar.gz,https://ftp.ludd.ltu.se/mirrors/blfs/conglomeration/agg/agg-2.5.tar.gz,0229a488bc47be10a2fee6cf0b2febd6,ab1edc54cc32ba51a62ff120d501eecd55fceeedf869b9354e7e13812289911f
aiksaurus-1.2.1.tar.gz,https://sourceforge.net/projects/aiksaurus/files/aiksaurus/1.2.1/aiksaurus-1.2.1.tar.gz,3eae03b7c49843ccc9262e52846ea6b4,1b62cb6351835217f3c229faba3182ba2aa0ab395849bb894dab422976dc8cf4
akonadi-1.9.2.tar.bz2,https://download.kde.org/stable/akonadi/src/akonadi-1.9.2.tar.bz2,bdce288f4b91055d69f35c26dab276d0,e712f3ee59731d613935df78df1cd65f80680d86d1f6642ff118061cd461bfd9
alsa-firmware-1.0.27.tar.bz2,https://www.alsa-project.org/files/pub/firmware/alsa-firmware-1.0.27.tar.bz2,b373b350d5151dd7d64db2fc12936b04,34cde0e67fba1c86cbee5c219b91c0a245da01d268dfa7623b1a73430fd16e5b
alsa-lib-1.0.27.2.tar.bz2,https://www.alsa-project.org/files/pub/lib/alsa-lib-1.0.27.2.tar.bz2,69129a7c37697f81ac092335e9fa452b,690ed393e7efd4fc7e3a2d2cda5449298ca0c895197e5914e350882012430d19
alsa-oss-1.0.25.tar.bz2,https://www.alsa-project.org/files/pub//oss-lib/alsa-oss-1.0.25.tar.bz2,922ea177db15c72f1b5037181c73f934,ed823b8e42599951d896c1709615d4cf7cb1cb3a7c55c75ccee82e24ccaf28e3
alsa-plugins-1.0.27.tar.bz2,https://www.alsa-project.org/files/pub//plugins/alsa-plugins-1.0.27.tar.bz2,ada0163e0e84c787bfc929ad0f3f5cb8,0bbd0c37c2dd7baf16363afb2e58169ffb0f9c0a70031b3b6235594630f3ab35
alsa-tools-1.0.27.tar.bz2,https://www.alsa-project.org/files/pub/tools/alsa-tools-1.0.27.tar.bz2,1ea381d00a6069a98613aa7effa4cb51,6562611b5a6560712f109e09740a9d4fa47296b07ed9590cb44139c5f154ada2
alsa-utils-1.0.27.2.tar.bz2,https://www.alsa-project.org/files/pub//utils/alsa-utils-1.0.27.2.tar.bz2,b65e9a04181bd7c9db7667a4566f8dc3,02bfac39092f3b68d743c23ad3d688d6c5aa8df69f2ccd692c5b8282edb352ea
amarok-2.7.1.tar.bz2,https://download.kde.org/stable/amarok/2.7.1/src/amarok-2.7.1.tar.bz2,855203770cfb43be39bd9b961540dbaf,9e0dc6653096179ee6bd1538da95964efd6e69ef247d6de29a3e5a69bac5bb89
apache-ant-1.9.2-src.tar.bz2,https://archive.apache.org/dist/ant/source/apache-ant-1.9.2-src.tar.bz2,8f610c1a0183507c2beebbf230f456af,cf95317f683f28ae3d263327447abbebd30a6c910cfa069a05c5ee39aa5ad0e3
apache-forrest-0.9.tar.gz,https://archive.apache.org/dist/forrest/0.9/apache-forrest-0.9.tar.gz,ea58a078e3861d4dfc8bf3296a53a5f8,ade56ce04f8f37cd7228f6118e8bcca8bb2114aa60c12e965f7f83f739cc8a56
apache-log4cxx-0.10.0.tar.gz,https://archive.apache.org/dist/logging/log4cxx/0.10.0/apache-log4cxx-0.10.0.tar.gz,b30ffb8da3665178e68940ff7a61084c,0de0396220a9566a580166e66b39674cb40efd2176f52ad2c65486c99c920c8c
appmenu-qt-0.2.6.tar.bz2,https://launchpad.net/appmenu-qt/trunk/0.2.6/+download/appmenu-qt-0.2.6.tar.bz2,90cce750e5412d43ce075b0a9bdb6782,21dd0357edeef1b20a5b56c91f1f423fdef65c81d082a22d8fe5761810927ddb
apr-1.4.8.tar.bz2,https://archive.apache.org/dist/apr/apr-1.4.8.tar.bz2,ce2ab01a0c3cdb71cf0a6326b8654f41,61b8d2f8d321c6365ee3d71d0bb41f3a89c44da6124cc5b407a3b8319d660421
apr-util-1.5.2.tar.bz2,https://archive.apache.org/dist/apr/apr-util-1.5.2.tar.bz2,89c1348aa79e898d7c34a6206311c9c2,9ace3d2e3129d5c244ef695a88b3b47897695e8e6ca2b96e92e4a635d9ed12a7
ark-4.10.3.tar.xz,https://download.kde.org/stable/4.10.3/src/ark-4.10.3.tar.xz,4628271f1cf1fce1581bb452f573ce08,30dfc47aa7f69f82c2159a930c3193b74fcda210cd399b7079a82bbd6a6c8a78
as31_beta3.tar.gz,https://www.pjrc.com/tech/8051/tools/as31_beta3.tar.gz,24e2d74747e0b3672cdb581138e50d8f,26a8425ec71b7b91f9194febd9c8530b5c2a391963c9bd9bd1e3bc840879ed4c
asciidoc-8.6.8.tar.gz,https://sourceforge.net/projects/asciidoc/files/asciidoc/8.6.8/asciidoc-8.6.8.tar.gz,6ffff1ab211f30481741ce4d1e4b12bf,ffb67f59dccaf6f15db72fcd04fdf21a2f9b703d31f94fcd0c49a424a9fcfbc4
aspell-0.60.6.1.tar.gz,https://ftp.gnu.org/gnu/aspell/aspell-0.60.6.1.tar.gz,e66a9c9af6a60dc46134fdacf6ce97d7,f52583a83a63633701c5f71db3dc40aab87b7f76b29723aeb27941eff42df6e1
aspell6-en-7.1-0.tar.bz2,https://ftp.gnu.org/gnu/aspell/dict/en/aspell6-en-7.1-0.tar.bz2,beba5e8f3afd3ed1644653bb685b2dfb,ff9df3c2e8c5bb19c6a66078b36a0ef4c4dfb0fcb969e29f7b5345e26d748d0a
at_3.1.13.orig.tar.gz,https://archive.debian.org/debian-archive/debian/pool/main/a/at/at_3.1.13.orig.tar.gz,1da61af6c29e323abaaf13ee1a8dad79,3a8b90868d615d21a92f4986ea9a823886329af8fae8dd7ab4eed9b273bca072
at-spi2-atk-2.8.1.tar.xz,https://ftp.gnome.org/pub/gnome/sources/at-spi2-atk/2.8/at-spi2-atk-2.8.1.tar.xz,854e36a2538bea50bc08d33aa9499bb2,eb659b94fde6dc0a2f584c9121a5e6d39a4c8aa297d21d8f9032f7a8a775fd06
at-spi2-core-2.8.0.tar.xz,https://ftp.gnome.org/pub/gnome/sources/at-spi2-core/2.8/at-spi2-core-2.8.0.tar.xz,93b57d5d56d15d1222ddf2386e2f869f,1861a30fc7f583d5a567a0ba547db67ce9bd294f0d1c9f7403c96a10a481c458
atk-2.8.0.tar.xz,https://ftp.gnome.org/pub/gnome/sources/atk/2.8/atk-2.8.0.tar.xz,c652bd25530825d604dae1c1ebd2da02,b22519176226f3e07cf6d932b77852e6b6be4780977770704b32d0f4e0686df4
atkmm-2.22.7.tar.xz,https://ftp.gnome.org/pub/gnome/sources/atkmm/2.22/atkmm-2.22.7.tar.xz,fec7db3fc47ba2e0c95d130ec865a236,bfbf846b409b4c5eb3a52fa32a13d86936021969406b3dcafd4dd05abd70f91b
attica-0.4.1.tar.bz2,https://mirrors.mit.edu/kde/Attic/attica/attica-0.4.1.tar.bz2,b90983ec5d79e5ddcbc9146fa23cab72,36d12562c11464e3111df8a36669adcd80c5f3c89ac6b08a708a1bbf8341cde6
attr-2.4.47.src.tar.gz,https://download-mirror.savannah.gnu.org/releases/attr/attr-2.4.47.src.tar.gz,84f58dec00b60f2dc8fd1c9709291cc7,25772f653ac5b2e3ceeb89df50e4688891e21f723c460636548971652af0a859
audacious-3.4.tar.bz2,https://distfiles.audacious-media-player.org/audacious-3.4.tar.bz2,b97b6921eab3eedbd63dcce2c15154e0,a401b4ce85fda23bcb17c187f006ee00e8af2e5e4000768dee08b8108ed975c2
audacious-plugins-3.4.tar.bz2,https://distfiles.audacious-media-player.org/audacious-plugins-3.4.tar.bz2,ea59b4023f32ca096519d01b8f6f33c0,8b10c61481d7ee9972f329d79f56001aa7b092aab44a0084bdd1472fe529b874
audiofile-0.3.6.tar.xz,https://ftp.gnome.org/pub/gnome/sources/audiofile/0.3/audiofile-0.3.6.tar.xz,235dde14742317328f0109e9866a8008,ea2449ad3f201ec590d811db9da6d02ffc5e87a677d06b92ab15363d8cb59782
autofs-5.0.7.tar.xz,https://kernel.org/pub/linux/daemons/autofs/v5/autofs-5.0.7.tar.xz,7aa414dd1d07e263795eced1992e8645,8ea9f574c51bce0c374d6656d11332a67eb4b50f6725fa8a18cd75e29ae98559
automoc4-0.9.88.tar.bz2,https://mirrors.mit.edu/kde/Attic/automoc4/0.9.88/automoc4-0.9.88.tar.bz2,91bf517cb940109180ecd07bc90c69ec,234116f4c05ae21d828594d652b4c4a052ef75727e2d8a4f3a4fb605de9e4c49
autotrace-0.31.1.tar.gz,https://sourceforge.net/projects/autotrace/files/AutoTrace/0.31.1/autotrace-0.31.1.tar.gz,54eabbb38d2076ded6d271e1ee4d0783,5a1a923c3335dfd7cbcccb2bbd4cc3d68cafe7713686a2f46a1591ed8a92aff6
avahi-0.6.31.tar.gz,https://avahi.org/download/avahi-0.6.31.tar.gz,2f22745b8f7368ad5a0a3fddac343f2d,8372719b24e2dd75de6f59bb1315e600db4fd092805bd1201ed0cb651a2dab48
babl-0.1.10.tar.bz2,https://artfiles.org/gimp.org/pub/babl/0.1/babl-0.1.10.tar.bz2,9e1542ab5c0b12ea3af076a9a2f02d79,943fc36ceac7dd25bc928256bc7b535a42989c6b971578146869eee5fe5955f4
balsa-2.5.1.tar.bz2,https://pawsa.fedorapeople.org/balsa/balsa-2.5.1.tar.bz2,afd175b4de2c6cc685ace50dc3ad61ff,52ce445dca86eb42e2e402a5b76616a1a522b89acbb631215079022ef80a7a10
bc-1.06.95.tar.bz2,https://alpha.gnu.org/gnu/bc/bc-1.06.95.tar.bz2,5126a721b73f97d715bb72c13c889035,7ee4abbcfac03d8a6e1a8a3440558a3d239d6b858585063e745c760957725ecc
berkeley-db-6.0.20.tar.gz,https://download.oracle.com/berkeley-db/db-6.0.20.tar.gz,f73afcb308aefde7e6ece4caa87b22a9,806a8a443854e339f07a62d5e010baf48203bce0bbb49e32f245184c9f522203
bibtexml-20060727.tar.bz2,https://sourceforge.net/projects/bibtexml/files/BibTeXML/bibtexml-20060727.tar.bz2,398baf45c4ef7e87c2e288b058a3b8d3,f3d12eece0483e9f670914d386a4775d468903f3524d940dbd0af88c2d367549
bind-9.9.3-P2.tar.gz,https://ftp.isc.org/isc/bind9/9.9.3-P2/bind-9.9.3-P2.tar.gz,943f6de6bfdfd821aa444242c02c1322,5e8ab06c7b73f38b47ce9ad12ca0afa7c714bbba2f6b7421c26c0d8b84b6c678
blender-2.68a.tar.gz,https://download.blender.org/source/blender-2.68a.tar.gz,82bc23f7b973396d571d4d243b4ada27,13ed290b0db381523dd26689d29fd00b08bae01a9123533d75f0243733dd7b3a
blfs-bootscripts-20130725.tar.bz2,https://anduin.linuxfromscratch.org/BLFS/blfs-bootscripts/blfs-bootscripts-20130725.tar.bz2,a4ade81f14536490bd039d1a96c41fbc,9ec1afc89bcbdf7bdf671ab0235ee958cc42aae2cdf6220a29bda30c6a1b3b4b
bluefish-2.2.4.tar.bz2,https://www.bennewitz.com/bluefish/stable/source/bluefish-2.2.4.tar.bz2,abc06b90c38c3714f19428d16a5cb311,771621d848af6342fbab50a52bc7d6fddb29c4616f31ab939c508175c146b3a3
blueman-1.23.tar.gz,https://download.tuxfamily.org/blueman/blueman-1.23.tar.gz,f0bee59589f4c23e35bf08c2ef8acaef,50b261bcdc2e99e176c7c194825da1259500aaacaccb92714d97af0209a4f011
bluez-4.101.tar.xz,https://www.kernel.org/pub/linux/bluetooth/bluez-4.101.tar.xz,c828c172f01f20c6ecd7f407894956a2,41f9578bef39b8c94a2d6ddeaa556afd22d136936d0f03100e422fe970a45a7d
bonjour-mDNSResponder-379.37.tar.gz,https://github.com/apple-oss-distributions/mDNSResponder/archive/refs/tags/mDNSResponder-379.37.tar.gz,7cd7abb2869bb8db5745fe1906dfdff1,8d848bdb8a0a0a0b0cf8ccde08aadb91245f0afa6676ed6c9f668be7f61d98ae
boost_1_54_0.tar.bz2,https://downloads.sourceforge.net/boost/boost_1_54_0.tar.bz2,15cb8c0803064faef0c4ddf5bc5ca279,047e927de336af106a24bceba30069980c191529fd76b8dff8eb9a328b48ae1d
brasero-3.8.0.tar.xz,https://ftp.gnome.org/pub/gnome/sources/brasero/3.8/brasero-3.8.0.tar.xz,0a380af9dc134084fb04f54f2a656e6f,d98a368a6129e50681e8243c5e0833c32cca699bd50b839c6a551d52b396bce4
bridge-utils-1.5.tar.gz,https://sourceforge.net/projects/bridge/files/bridge/bridge-utils-1.5.tar.gz,ec7b381160b340648dede58c31bb2238,42f9e5fb8f6c52e63a98a43b81bd281c227c529f194913e1c51ec48a393b6688
btrfs-devel-v3.8.tar.bz2,https://gitlab.com/kdave/btrfs-devel/-/archive/v3.8/btrfs-devel-v3.8.tar.bz2,ad0f86c3b51b81d20ef67e0b8553d25a,29d1e92bbc05ec4b896ab5f4851b979caac1611eaf5a7399a56e66c350f3de61
bzr-2.5.1.tar.gz,https://launchpad.net/bzr/2.5/2.5.1/+download/bzr-2.5.1.tar.gz,ac5079858364a046071000d5cdccb67b,967346fa6cc52971a8dfd5171ec22e1928cf455fb4317013b05b0915ff927982
bzrtools_2.5+bzr786.orig.tar.gz,https://archive.debian.org/debian-archive/debian/pool/main/b/bzrtools/bzrtools_2.5+bzr786.orig.tar.gz,5ee97e505a50c05d2e30925276ba58e3,58634d6de8d1a72be04a409314b3ac03b1089c48a38fd8014ea5e010b08790c8
c-ares-1.10.0.tar.gz,https://c-ares.org/archive/c-ares-1.10.0.tar.gz,1196067641411a75d3cbebe074fd36d8,3d701674615d1158e56a59aaede7891f2dde3da0f46a6d3c684e0ae70f52d3db
cairo-1.12.14.tar.xz,https://cairographics.org/releases/cairo-1.12.14.tar.xz,27b634113d0f52152d60ae8e2ec7daa7,96d0d1e3f9b74d2ca3469ff187c5e5f25649b1ad35cf06f4f3a83847dff4ac13
cairomm-1.10.0.tar.gz,https://cairographics.org/releases/cairomm-1.10.0.tar.gz,9c63fb1c04c8ecd3c5e6473075b8c39f,068d96c43eae7b0a3d98648cbfc6fbd16acc385858e9ba6d37b5a47e4dba398f
cantarell-fonts-0.0.13.tar.xz,https://download.gnome.org/sources/cantarell-fonts/0.0/cantarell-fonts-0.0.13.tar.xz,77c03aa3e0b7281ad147d413fd5bbaf4,afc53ffa27418932301a3bc030cf811684a1261faa761744fe2d3ce696b6492c
Caudium-1.4.18.tar.bz2,https://storage.googleapis.com/google-code-archive-downloads/v2/code.google.com/caudium/Caudium-1.4.18.tar.bz2,1a61508dfd243ab53c107b5f9f1617ed,89f2f15631913c8d948c9c9964747f95bbc71d7b94bc1c54fee3a2d52fb7dec0
cdb-0.75.tar.gz,https://cdb.cr.yp.to/cdb-0.75.tar.gz,81fed54d0bde51b147dd6c20cdb92d51,1919577799a50c080a8a05a1cbfa5fa7e7abc823d8d7df2eeb181e624b7952c5
cdparanoia-III-10.2.src.tgz,https://downloads.xiph.org/releases/cdparanoia/cdparanoia-III-10.2.src.tgz,b304bbe8ab63373924a744eac9ebc652,005db45ef4ee017f5c32ec124f913a0546e77014266c6a1c50df902a55fe64df
cdrdao-1.2.3.tar.bz2,https://downloads.sourceforge.net/cdrdao/cdrdao-1.2.3.tar.bz2,8d15ba6280bb7ba2f4d6be31d28b3c0c,8193cb8fa6998ac362c55807e89ad0b3c63edc6b01afaeb3d5042519527fb75e
cdrkit_1.1.11.orig.tar.gz,https://archive.debian.org/debian-archive/debian/pool/main/c/cdrkit/cdrkit_1.1.11.orig.tar.gz,efe08e2f3ca478486037b053acd512e9,d1c030756ecc182defee9fe885638c1785d35a2c2a297b4604c0e0dcc78e47da
cdrtools_2.01+01a01.orig.tar.gz,https://archive.debian.org/debian-archive/debian/pool/main/c/cdrtools/cdrtools_2.01+01a01.orig.tar.gz,fc085b5d287355f59ef85b7a3ccbb298,748b7f43abadcbacd3331fb45f4533d28d1c3a8b06ab03e44230b00e0a5e5e1f
celt-0.11.1.tar.gz,https://downloads.xiph.org/releases/celt/celt-0.11.1.tar.gz,94fe4acd241da8702c295bcd13a555e6,01c2579fba8b283c9068cb704a70a6e654aa74ced064c091cafffbe6fb1d4cbf
check-0.9.10.tar.gz,https://downloads.sourceforge.net/check/check-0.9.10.tar.gz,6d10a8efb9a683467b92b3bce97aeb30,823819235753e94ae0bcab3c46cc209de166c32ff2f52cefe120597db4403e6d
cheese-3.8.3.tar.xz,https://ftp.gnome.org/pub/gnome/sources/cheese/3.8/cheese-3.8.3.tar.xz,62f2670fa2c44fb51613ebb8f4d2c07c,5f08079b6ccaa6ea8de9163ff0e43554347c12e13f0a60eb6ad06d291c116937
chmlib-0.40.tar.bz2,https://web.archive.org/web/20140714195537/http://www.jedrea.com/chmlib/chmlib-0.40.tar.bz2,7ea49ed8c335215c1edc6fae83e6b912,3449d64b0cf71578b2c7e3ddc048d4af3661f44a83941ea074a7813f3a59ffa3
cifs-utils-6.1.tar.bz2,https://ftp.samba.org/pub/linux-cifs/cifs-utils/cifs-utils-6.1.tar.bz2,f83ef48ab1154aa74dd4cf1c1202bf04,381f1e9caccdafdcdb0efa32a4cceb77c1a96b0b58702394e4b86dac4825f3b5
clamz-0.5.tar.gz,https://storage.googleapis.com/google-code-archive-downloads/v2/code.google.com/clamz/clamz-0.5.tar.gz,84543c9346b285bdc218879e241941a8,5a63f23f15dfa6c2af00ff9531ae9bfcca0facfe5b1aa82790964f050a09832b
Clearlooks-1.5.tar.bz2,https://ftp.ludd.ltu.se/mirrors/blfs/conglomeration/clearlooks/Clearlooks-1.5.tar.bz2,6b046a78fb15b243dc1eb5884276a750,6db7a71e31562d0e6c82c592bc6c3b31369c327b7d937f55baffb057ec087d80
clisp-2.49.tar.bz2,https://ftp.gnu.org/pub/gnu/clisp/release/2.49/clisp-2.49.tar.bz2,1962b99d5e530390ec3829236d168649,8132ff353afaa70e6b19367a25ae3d5a43627279c25647c220641fed00f8e890
cln_1-3-3.tar.gz,https://codeberg.org/ginac/cln/archive/cln_1-3-3.tar.gz,eb926493f5606c538cc03031598e35c5,f23d5dd1c0811bcf8c1000362bb057e60734d310a31290275be9371961946c04
clucene-core-0.9.21.tar.gz,https://sourceforge.net/projects/clucene/files/clucene-core-stable/0.9.21/clucene-core-0.9.21.tar.gz,b012ef5cf5e57c5d95702beb31da3ebe,cbb354cc2b85577c5d33131b7e76d5bf0dcc5805f9e95714f644c1e4e3a05ed9
clutter-1.14.4.tar.xz,https://ftp.gnome.org/pub/gnome/sources/clutter/1.14/clutter-1.14.4.tar.xz,c072e4c27e69368f2b877ea4f6da2cdf,c996d91fff6fff24d9e23dcd545439ebc6b999fb1cf9ee44c28ca54c49c0ee1c
clutter-gst-2.0.6.tar.xz,https://ftp.gnome.org/pub/gnome/sources/clutter-gst/2.0/clutter-gst-2.0.6.tar.xz,35f67cfc75c4aa545db0f8b0a1f0e7a0,0ecc5630b0578968201802b831a75904a26e6ffe38fb8b60209ef9da51f8b258
clutter-gtk-1.4.4.tar.xz,https://ftp.gnome.org/pub/gnome/sources/clutter-gtk/1.4/clutter-gtk-1.4.4.tar.xz,ef50b52ffc2a18704eb62f13dd8d6198,bc3108594a01a08bb6d9b538afe995e4fd78634a8356064ee8137d87aad51b2e
cmake-2.8.11.2.tar.gz,https://www.cmake.org/files/v2.8/cmake-2.8.11.2.tar.gz,6f5d7b8e7534a5d9e1a7664ba63cf882,b32acb483afdd14339941c6e4ec25f633d916a7a472653a0b00838771a6c0562
cogl-1.14.0.tar.xz,https://ftp.gnome.org/pub/gnome/sources/cogl/1.14/cogl-1.14.0.tar.xz,7eabaf4241c0b87cc9e3b0fa23fd0315,276e8c9f5ff0fcd57c1eaf74cc245f41ad469a95a18ac831fac2d5960baa5ae8
colord-1.0.2.tar.xz,https://www.freedesktop.org/software/colord/releases/colord-1.0.2.tar.xz,98cd74c2be108cbd81c4a9cd6b324910,b99d1d07fe21a37b446aa173a35c54fd669324ad61762a7545b1624c896a8a39
compface-1.5.2.tar.gz,http://ftp.xemacs.org/pub/xemacs/aux/compface-1.5.2.tar.gz,62f4f79c0861ad292ba3cf77b4c48319,a6998245f530217b800f33e01656be8d1f0445632295afa100e5c1611e4f6825
ConsoleKit-0.4.6.tar.xz,https://ftp.ludd.ltu.se/mirrors/blfs/conglomeration/consolekit/ConsoleKit-0.4.6.tar.xz,6aaadf5627d2f7587aa116727e2fc1da,d8f4addb704056a8e294a43d09d99e5ab9f258a46a17325c2640659fd361549e
convmv-1.15.tar.gz,https://j3e.de/linux/convmv/convmv-1.15.tar.gz,b1bb703c08c6355868d15890ff193f7d,c315aec78490b588000467d1c51081b36e629de0537c5a17fd48b1acaf8a5135
cpio-2.11.tar.bz2,https://ftp.gnu.org/pub/gnu/cpio/cpio-2.11.tar.bz2,20fc912915c629e809f80b96b2e75d7d,bb820bfd96e74fc6ce43104f06fe733178517e7f5d1cdee553773e8eff7d5bbd
cppunit-1.12.1.tar.gz,https://sourceforge.net/projects/cppunit/files/cppunit/1.12.1/cppunit-1.12.1.tar.gz,bd30e9cf5523cdfc019b94f5e1d7fd19,ac28a04c8e6c9217d910b0ae7122832d28d9917fa668bcc9e0b8b09acb4ea44a
cracklib-2.9.0.tar.gz,https://downloads.sourceforge.net/cracklib/cracklib-2.9.0.tar.gz,e0f94ac2138fd33c7e77b19c1e9a9390,17fecdfa78c0b9b47afa1533ea99b5351c3cef770bbd9c8c34391827efecbdc0
cracklib-words-20080507.gz,https://downloads.sourceforge.net/cracklib/cracklib-words-20080507.gz,7fa6ba0cd50e7f9ccaf4707c810b14f1,e0c7f452c1fd80d551ae4a7d1afa7fa19cbf47c2d6d5dafc1255c1e76502cb71
csound_5.17.11~dfsg.orig.tar.gz,https://archive.debian.org/debian-archive/debian/pool/main/c/csound/csound_5.17.11~dfsg.orig.tar.gz,0dccb861cb57140f097cb070c7f10310,aa80990fafab4a89964c5f5e9bf4499199f153519493cf26982d5ce77d01d546
ctdb-2.3.tar.gz,https://www.samba.org/ftp/ctdb/ctdb-2.3.tar.gz,5dfb5b055298b6cb80e7d0cd40768e50,393b0731d5ad1befbd302dfb931fcc6b4124fa52013a4f3bc0270499d871c34b
cups-1.6.3-source.tar.bz2,https://github.com/apple/cups/releases/download/release-1.6.3/cups-1.6.3-source.tar.bz2,946a2d8ad1aec6beced312fce18543da,84fa83dea6ed08dbd4d1112d9b0005424713b32bcb13111857836312896cf29d
cups-filters-1.0.35.tar.xz,https://www.openprinting.org/download/cups-filters/cups-filters-1.0.35.tar.xz,f722074dfa8efd3fcb8502cede13a608,5de5d6f4405de56f7dcd8d113eae7202e9ac1cdd6554a8d7985902e35ac7d592
curl-7.31.0.tar.bz2,https://curl.haxx.se/download/curl-7.31.0.tar.bz2,b7bea20579ac2f696338ae03f2c19ba5,a73b118eececff5de25111f35d1d0aafe1e71afdbb83082a8e44d847267e3e08
cvs-1.11.23.tar.bz2,https://ftp.gnu.org/non-gnu/cvs/source/stable/1.11.23/cvs-1.11.23.tar.bz2,0213ea514e231559d6ff8f80a34117f0,400f51b59d85116e79b844f2d5dbbad4759442a789b401a94aa5052c3d7a4aa9
cyrus-sasl-2.1.26.tar.gz,https://ftp.ludd.ltu.se/mirrors/blfs/conglomeration/cyrus-sasl/cyrus-sasl-2.1.26.tar.gz,a7f4e5e559a0e37b3ffc438c9456e425,8fbc5136512b59bb793657f36fadda6359cae3b08f01fd16b3d406f1345b7bc3
dante-1.3.2.tar.gz,https://www.inet.no/dante/files/dante-1.3.2.tar.gz,250c6456cd3fefa17f07fa80c9ccf6bd,6b736f32ec58b899c24cf14be02491a0631a778e385314370d5dea4baf482efb
dash_0.5.7.orig.tar.gz,https://archive.debian.org/debian-archive/debian/pool/main/d/dash/dash_0.5.7.orig.tar.gz,f6cedb10ae7258adb5ab17a10ae80d51,ae89fa9f1145b7748cf0740e1df04cd52fdf8a285da4911dd0f04983efba4e39
dblatex3-0.3.12.tar.bz2,https://sourceforge.net/projects/dblatex/files/dblatex/dblatex-0.3.12/dblatex3-0.3.12.tar.bz2,550adafd078432ff144b57d90c647714,16e82786272ed1806a079d37914d7ba7a594db792dc4cc34c1c3737dbd4da079
dbus-1.6.12.tar.gz,https://dbus.freedesktop.org/releases/dbus/dbus-1.6.12.tar.gz,a70edc50524f258eaf5c9a9994ed8748,f67a7abfd6d045c1e9eba2bba4199d301836bc0c6e8a727c765913aba780ee92
dbus-glib-0.100.2.tar.gz,https://dbus.freedesktop.org/releases/dbus-glib/dbus-glib-0.100.2.tar.gz,ad0920c7e3aad669163bb59171cf138e,a5bb42da921f51c28161e0e54a5a8241d94a1c0499a14007150e9ce743da6ac5
dconf-0.16.1.tar.xz,https://ftp.gnome.org/pub/gnome/sources/dconf/0.16/dconf-0.16.1.tar.xz,1f17e92511a21240ab5a56e4523f77da,a551d04d06599ee9adde500c71ad8567d68f45420b6dbca10ca51e2834d80fee
dejagnu-1.5.1.tar.gz,https://ftp.gnu.org/pub/gnu/dejagnu/dejagnu-1.5.1.tar.gz,8386e04e362345f50ad169f052f4c4ab,60e747d1a4c5c7f76bee649bb9641e66f9605548b2761435aca09f88094433d2
dejavu-fonts-2.33.tar.bz2,https://sourceforge.net/projects/dejavu/files/dejavu/2.33/dejavu-fonts-2.33.tar.bz2,d1fd9d88db19ddd6a5a958470e134408,bc60143be7adf8868d9233ae0f0a0c1b38b3bdd23529859dfdca7b3374cba082
desktop-file-utils-0.21.tar.xz,https://freedesktop.org/software/desktop-file-utils/releases/desktop-file-utils-0.21.tar.xz,fda5c312c9fb3b8d818fb54f2c34db82,b6c9b860538ef1cffbcdfbc9cb578f85a080ad8c1207c8b3a39e9fd183f9782b
Device-Cdio-v0.3.0.tar.gz,https://ftp.gnu.org/pub/gnu/libcdio/Device-Cdio-v0.3.0.tar.gz,325a17ea73073d532ace8406ca08b5d8,52e99214742eac1d40e556d9dcc5ce91c2dcb32a7a971c46719b4dff570bac98
DevIL-1.7.8.tar.gz,https://sourceforge.net/projects/openil/files/DevIL/1.7.8/DevIL-1.7.8.tar.gz,7918f215524589435e5ec2e8736d5e1d,682ffa3fc894686156337b8ce473c954bf3f4fb0f3ecac159c73db632d28a8fd
dhcp-4.2.5-P1.tar.gz,ftp://ftp.isc.org/isc/dhcp/4.2.5-P1/dhcp-4.2.5-P1.tar.gz,f68e3c1f00a9af5742bc5e71d567cf93,59b06c9f5d775e46999b422c45b9229402c462b114ce1685617bfb2b8b028250
dhcpcd-6.0.5.tar.bz2,https://ftp.ludd.ltu.se/mirrors/blfs/conglomeration/dhcpcd/dhcpcd-6.0.5.tar.bz2,a65ed99460a61f42c05f652c2eaafe7c,191d0bfd7fdfa05a580a4671c0489cd782828251b5ea0b41b6d17f026a36493c
dialog_1.1-20120215.orig.tar.gz,https://archive.debian.org/debian-archive/debian/pool/main/d/dialog/dialog_1.1-20120215.orig.tar.gz,494638fa36e5935a269ec9ab42677c30,883c58498663d939b18f3aea56976b64268b736d1579ac850512e5d5a4a2eafc
digikam-3.3.0.tar.bz2,https://download.kde.org/stable/digikam/digikam-3.3.0.tar.bz2,92aa1918e12099a50476fe202bedb1f6,3dfe0e78171c8d65b3a8e603345400bf83b90241b7a24a8ae2f7fd3443b7ac11
dirac-1.0.2.tar.gz,https://sourceforge.net/projects/dirac/files/dirac-codec/Dirac-1.0.2/dirac-1.0.2.tar.gz,a57c2c5e58062d437d9ab13dffb28f0f,816b16f18d235ff8ccd40d95fc5b4fad61ae47583e86607932929d70bf1f00fd
directfb-1.7.0.tar.gz,https://github.com/Distrotech/DirectFB/archive/refs/tags/DIRECTFB_1_7_0.tar.gz,3e819b6d3212fdde4492889f737b1189,c8279e259829104fd2d2d1e32677ba941be52e0a495840b1f049e9da6c1715f5
distcache-1.4.5.tar.bz2,https://sourceforge.net/projects/distcache/files/2.%20distcache-stable/1.4.5/distcache-1.4.5.tar.bz2,bad485801024f711ad72e83ba1adcd7d,6da656badf49772abeb391e08e63ccbab2b5bedeea94d4483da8a3016e1f7e13
djbfft-0.76.tar.gz,https://cr.yp.to/djbfft/djbfft-0.76.tar.gz,9349eff24c1f9fdfb98cfb51bece8efb,799d929c3631a77ef0e16a2449e4fc11af8540b62359f8733ac2899fca2b394c
djvulibre-3.5.25.3.tar.gz,https://sourceforge.net/projects/djvu/files/DjVuLibre/3.5.25/djvulibre-3.5.25.3.tar.gz,5f45d6cd5700b4dd31b1eb963482089b,898d7ed6dd2fa311a521baa95407a91b20a872d80c45e8245442d64f142cb1e0
dmalloc-5.5.2.tgz,https://dmalloc.com/releases/dmalloc-5.5.2.tgz,f92e5606c23a8092f3d5694e8d1c932e,d3be5c6eec24950cb3bd67dbfbcdf036f1278fae5fd78655ef8cdf9e911e428a
docbook-3.1.zip,https://www.oasis-open.org/docbook/sgml/3.1/docbk31.zip,432749c0c806dbae81c8bcb70da3b5d3,20261d2771b9a052abfa3d8fab1aa62be05791a010281c566f9073bf0e644538
docbook-4.5.zip,https://www.oasis-open.org/docbook/sgml/4.5/docbook-4.5.zip,07c581f4bbcba6d3aac85360a19f95f7,8043e514e80c6c19cb146b5d37937d1305bf3abf9b0097c36df7f70f611cdf43
docbook-dsssl-1.79.tar.bz2,https://downloads.sourceforge.net/docbook/docbook-dsssl-1.79.tar.bz2,bc192d23266b9a664ca0aba4a7794c7c,2f329e120bee9ef42fbdd74ddd60e05e49786c5a7953a0ff4c680ae6bdf0e2bc
docbook-dsssl-doc-1.79.tar.bz2,https://downloads.sourceforge.net/docbook/docbook-dsssl-doc-1.79.tar.bz2,9a7b809a21ab7d2749bb328334c380f2,9f2616e3422ee02d1f59925138eacad136c5e84b973e9e89b2eb9ac49e2d97de
docbook-to-man.tar.gz,https://www.oasis-open.org/docbook/tools/dtm/docbook-to-man.tar.gz,b28ddaaa8eb4b775100c67fd1205240a,f436f8a421351181f8588b01f7f1e7652b0865f8e5c4488de025e4ae7bcd773d
docbook-utils-0.6.14.tar.gz,https://mirrors.mit.edu/macports/distfiles/docbook-utils/docbook-utils-0.6.14.tar.gz,6b41b18c365c01f225bc417cf632d81c,48faab8ee8a7605c9342fb7b906e0815e3cee84a489182af38e8f7c0df2e92e9
docbook-xml-4.5.zip,https://www.oasis-open.org/docbook/xml/4.5/docbook-xml-4.5.zip,03083e288e87a7e829e437358da7ef9e,4e4e037a2b83c98c6c94818390d4bdd3f6e10f6ec62dd79188594e26190dc7b4
docbook-xsl-1.78.1.tar.bz2,https://downloads.sourceforge.net/docbook/docbook-xsl-1.78.1.tar.bz2,6dd0f89131cc35bf4f2ed105a1c17771,c98f7296ab5c8ccd2e0bc07634976a37f50847df2d8a59bdb1e157664700b467
docbook-xsl-doc-1.78.1.tar.bz2,https://downloads.sourceforge.net/docbook/docbook-xsl-doc-1.78.1.tar.bz2,77b63a06db2db2b692dcb96c2c64dc45,cea88089e88a5b01554b123d1d89278763eab4e8e42974853a112a54bb76905d
docbook2X-0.8.8.tar.gz,https://sourceforge.net/projects/docbook2x/files/docbook2x/0.8.8/docbook2X-0.8.8.tar.gz,b9b76a6af198c4f44574cfd17a322f01,4077757d367a9d1b1427e8d5dfc3c49d993e90deabc6df23d05cfe9cd2fcdc45
dosfstools_3.0.13.orig.tar.xz,https://archive.debian.org/debian-archive/debian/pool/main/d/dosfstools/dosfstools_3.0.13.orig.tar.xz,c1d851e3fc065a935c7cf919545d239f,9b3a4114c0a57ff9f831d531d5ec7a38e683eb2153521112b7a4a9d5783af866
doxygen-1.8.4.src.tar.gz,https://sourceforge.net/projects/doxygen/files/rel-1.8.4/doxygen-1.8.4.src.tar.gz,5f460b91c0d8c34a76173cf22015c2fc,526442fb70bea79a4086cc98c22692cc05edc2f4cf231feb7993b5d188ef584e
dvd+rw-tools-7.1.tar.gz,https://ftp.ludd.ltu.se/mirrors/blfs/conglomeration/dvd%2Brw-tools/dvd%2Brw-tools-7.1.tar.gz,8acb3c885c87f6838704a0025e435871,f8d60f822e914128bcbc5f64fbe3ed131cbff9045dca7e12c5b77b26edde72ca
ebook-tools-0.2.2.tar.gz,https://sourceforge.net/projects/ebook-tools/files/ebook-tools/0.2.2/ebook-tools-0.2.2.tar.gz,67bce67ceb72dcc3578d6a81ef92b29b,cbc35996e911144fa62925366ad6a6212d6af2588f1e39075954973bbee627ae
ed-1.9.tar.gz,https://ftp.ludd.ltu.se/mirrors/blfs/conglomeration/ed/ed-1.9.tar.gz,565b6d1d5a9a8816b9b304fc4ed9405d,d5b372cfadf073001823772272fceac2cfa87552c5cd5a8efc1c8aae61f45a88
eigen-3.0.7.tar.bz2,https://gitlab.com/libeigen/eigen/-/archive/3.0.7/eigen-3.0.7.tar.bz2,d2b60772107686af85046c4261f717a5,8c18e1ed0936a02424c7dd34a2795f5154f8e0ba7dbf31f3b56dfbaa8241e788
eject-2.1.5.tar.bz2,https://mirrors.kernel.org/slackware/slackware-13.1/source/a/eject/eject-2.1.5.tar.bz2,5a6cab2184ae4ed21128054d931d558f,58b49f72b1456651278d0a3ff64444f4d5463b3c5b8ffdda8d1f61126995d1b2
ekiga-4.0.1.tar.xz,https://ftp.gnome.org/pub/gnome/sources/ekiga/4.0/ekiga-4.0.1.tar.xz,704ba532a8e3e0b5e3e2971dd2db39e4,5f4f491c9496cf65ba057a9345d6bb0278f4eca07bcda5baeecf50bfcd9a4a3b
electric-fence_2.1.13-0.1.tar.gz,https://web.archive.org/web/20121214015138/http://www.perens.com/FreeSoftware/ElectricFence/electric-fence_2.1.13-0.1.tar.gz,59e4e7817a30aff52d8971ce00e1ad35,60002eaae3d94fa68e9a42778a264e945b343328d22beb105c6ef726377492d7
elfutils-0.156.tar.bz2,https://ftp.ludd.ltu.se/mirrors/blfs/conglomeration/elfutils/elfutils-0.156.tar.bz2,f3b5cbb63b0757f571c6cc109df4c55b,d2f54dd17a270ca947f831b083a6cde06e8b4fbb230cf87d23afa1530d20a4c2
elinks-0.11.7.tar.bz2,http://elinks.or.cz/download/elinks-0.11.7.tar.bz2,fcd087a6d2415cd4c6fd1db53dceb646,456db6f704c591b1298b0cd80105f459ff8a1fc07a0ec1156a36c4da6f898979
emacs-24.3.tar.xz,https://ftp.gnu.org/pub/gnu/emacs/emacs-24.3.tar.xz,ea9ed000ca165280265aabb55b9afbd7,70aa2942e9ae689ed17eddedfca5027c364ffbcc8b59968b1645e935f4c7058d
enca-1.14.tar.bz2,https://dl.cihar.com/enca/enca-1.14.tar.bz2,03792f25aed003d3ea33b3ce1be1f256,7f33e3953fbbdac8ed144b31bbab1bb3bf181150db6ba4cd812fd958ce5f4b58
enchant-1.6.0.tar.gz,https://ftp.ludd.ltu.se/mirrors/blfs/conglomeration/enchant/enchant-1.6.0.tar.gz,de11011aff801dc61042828041fb59c7,2fac9e7be7e9424b2c5570d8affe568db39f7572c10ed48d4e13cddf03f7097f
enscript-1.6.6.tar.gz,https://ftp.gnu.org/gnu/enscript/enscript-1.6.6.tar.gz,3acc242b829adacabcaf28533f049afd,6d56bada6934d055b34b6c90399aa85975e66457ac5bf513427ae7fc77f5c0bb
eog-3.8.2.tar.xz,https://ftp.gnome.org/pub/gnome/sources/eog/3.8/eog-3.8.2.tar.xz,84c48f8468b8cee09379091d11b553ca,689251b6dd18ef191cbfd9431c0324c70707b60edd73d86fc014bd8ae0bd8336
epdfview-0.1.8.tar.bz2,https://anduin.linuxfromscratch.org/sources/BLFS/conglomeration/epdfview/epdfview-0.1.8.tar.bz2,e50285b01612169b2594fea375f53ae4,948648ae7c9d7b3b408d738bd4f48d87375b1196cae1129d6b846a8de0f2f8f0
epiphany-3.8.2.tar.xz,https://ftp.gnome.org/pub/gnome/sources/epiphany/3.8/epiphany-3.8.2.tar.xz,5aa6c07fba38a395e5aa94ae7346a9cb,ae89d6902ed243304d2cbf2fa361f6dd0cb3401fdaf726e6fdd4acc09197d50a
esound-0.2.41.tar.bz2,https://ftp.gnome.org/pub/gnome/sources/esound/0.2/esound-0.2.41.tar.bz2,8d9aad3d94d15e0d59ba9dc0ea990c6c,5eb5dd29a64b3462a29a5b20652aba7aa926742cef43577bf0796b787ca34911
ethtool-3.10.tar.xz,https://www.kernel.org/pub/software/network/ethtool/ethtool-3.10.tar.xz,d1930df6e70a5204e8154a9911992be4,f88d941b63a0e51613bde5498d42f4ee2eefa332064e7a8dd80069a341dc1c40
evince-3.8.3.tar.xz,https://ftp.gnome.org/pub/gnome/sources/evince/3.8/evince-3.8.3.tar.xz,81a8b0ffc427f2e3bde4056286e3a27a,1526921201fabe833733e7c2552dfbe62085fd18d325a27c2fffb332e5e418bd
evolution-data-server-3.8.4.tar.xz,https://download.gnome.org/sources/evolution-data-server/3.8/evolution-data-server-3.8.4.tar.xz,49ce0f209a4d293099fb1c17001f7290,0b9e725d36a4c63ccb15b4e0f92932764c9a335e84af2ebeeb4c182760ef3f6e
exempi-2.2.1.tar.bz2,https://libopenraw.freedesktop.org/download/exempi-2.2.1.tar.bz2,0f8e5832299224684a65847eedf8d1e4,6c9e4380041abca80ef0e0029c07109f183506b812f870d8689e7140997fa601
exim-4.80.1.tar.bz2,https://ftp.ludd.ltu.se/mirrors/blfs/conglomeration/exim/exim-4.80.1.tar.bz2,1a95dc9f02834b1b7430403a75edf162,9565b10f06be224fd03adafae2e07e6fdbb479f8873e3894ddb13f98eeebe78f
exiv2-0.23.tar.gz,https://github.com/Exiv2/exiv2/releases/download/v0.23/exiv2-0.23.tar.gz,dab67c07bb63a4386d4ea607a8e06eaf,81fa50900be7ab16e24c6551252c21fc97abcfe855fd32c8f7ec55f398786b11
exo-0.10.2.tar.bz2,https://archive.xfce.org/src/xfce/exo/0.10/exo-0.10.2.tar.bz2,c70f2a217811bfba2e62f938d4b8f748,b385828bf8a38204da3254b57fdfa25a72694495aa189fabd5040f707eec76ce
expat-2.1.0.tar.gz,https://ftp.ludd.ltu.se/mirrors/blfs/conglomeration/expat/expat-2.1.0.tar.gz,dd7dab7a5fea97d2a6a43f511449b7cd,823705472f816df21c8f6aa026dd162b280806838bb55b3432b0fb1fcca7eb86
expect-5.45.tar.gz,https://prdownloads.sourceforge.net/expect/expect5.45.tar.gz,44e1a4f4c877e9ddc5a542dfa7ecc92b,b28dca90428a3b30e650525cdc16255d76bb6ccd65d448be53e620d95d5cc040
faac-1.28.tar.bz2,https://downloads.sourceforge.net/faac/faac-1.28.tar.bz2,c5dde68840cefe46532089c9392d1df0,aac475e59d38ae9e29bff760e26bf72b507ccec037a6837cc33e3ac1db3ef352
faad2-2.7.tar.bz2,https://downloads.sourceforge.net/faac/faad2-2.7.tar.bz2,4c332fa23febc0e4648064685a3d4332,14561b5d6bc457e825bfd3921ae50a6648f377a9396eaf16d4b057b39a3f63b5
fam_2.7.0.orig.tar.gz,https://archive.debian.org/debian-archive/debian/pool/main/f/fam/fam_2.7.0.orig.tar.gz,1ccfe59554343d4e04a00fbb6d25c0a0,2fe16f55e6b6d68eb18ca00e0c83df76852d0c44a843411c5d9a694c9f26f9c6
farstream-0.2.3.tar.gz,https://www.freedesktop.org/software/farstream/releases/farstream/farstream-0.2.3.tar.gz,a8971167068b69a6933d3eaaeb9ab448,bff535949252cdfc0374cb91f08b08476e7af38183295269b579500cc6c60496
fcron-3.1.2.src.tar.gz,http://fcron.free.fr/archives/fcron-3.1.2.src.tar.gz,36bf213e15f3a480f2274f8e46cced0a,1c9299baab86e2b141031193c98ccd2e1b52d97a023b45a9e80266372ab11a5d
fdk-aac-0.1.3.tar.gz,https://sourceforge.net/projects/opencore-amr/files/fdk-aac/fdk-aac-0.1.3.tar.gz,6b3b70faa3108b7a00f7740b3de38b83,a9cb872802cfb7a2aff7a549c114c547d1e518dd60c2f85942229cc20c0d0c8d
fetchmail-6.3.26.tar.xz,https://sourceforge.net/projects/fetchmail/files/branch_6.3-obsolete/fetchmail-6.3.26.tar.xz,61b66faad044afa26e142bb1791aa2b3,79b4c54cdbaf02c1a9a691d9948fcb1a77a1591a813e904283a8b614b757e850
ffmpeg-1.2.1.tar.bz2,https://ffmpeg.org/releases/ffmpeg-1.2.1.tar.bz2,5071a26cc149f380908ce79ec2a677ef,0302375c3a64e9c2facfa7cbeb1aa333a39fdf6bbacda228cd48e04bf9ee32ca
ffmpegthumbnailer-2.0.8.tar.gz,https://github.com/dirkvdb/ffmpegthumbnailer/archive/refs/tags/ffmpegthumbnailer-2.0.8.tar.gz,3e8185e63398fb1eef9bc61c61f1059f,f9bf0fe9b76cc4cb56340b65ae0452e66132919ef992696e1b7296bd8771f46f
fftw-3.3.11.tar.gz,https://www.fftw.org/fftw-3.3.11.tar.gz,40ec8d0447d03b8f01f8c90aa77bd16f,5630c24cdeb33b131612f7eb4b1a9934234754f9f388ff8617458d0be6f239a1
file-roller-3.8.3.tar.xz,https://ftp.gnome.org/pub/gnome/sources/file-roller/3.8/file-roller-3.8.3.tar.xz,ff3229109799eaa2ee0b60fd4a8e23ca,55caac832ed0bab89085fdf7a3c3fa1afaf8ae6fb05aeb2a872e42cb6c52894e
firefox-22.0.source.tar.bz2,https://releases.mozilla.org/pub/mozilla.org/firefox/releases/22.0/source/firefox-22.0.source.tar.bz2,4ffb6d1c1a04ca8e3dbca23df09626dd,040d4e7fb5076b6aa25f0d3851f8d98c2a2e72ef1599f4387f09f47f6096515e
flac-1.3.0.tar.xz,https://downloads.xiph.org/releases/flac/flac-1.3.0.tar.xz,13b5c214cee8373464d3d65dee362cdd,fa2d64aac1f77e31dfbb270aeb08f5b32e27036a52ad15e69a77e309528010dc
flite-1.4-release.tar.bz2,http://cmuflite.org/packed/flite-1.4/flite-1.4-release.tar.bz2,b7c3523b3bbc6f29ce61e6650cd9a428,45c662160aeca6560589f78daf42ab62c6111dd4d244afc28118c4e6f553cd0c
fltk-1.3.2-docs-html.tar.gz,https://www.fltk.org/pub/fltk/1.3.2/fltk-1.3.2-docs-html.tar.gz,3a989e3c4950decf52f603c3d200853a,e1fc80e8fffb2f8bfa7464951a88f762f32806c4efa5e2ddd056c28666d845b5
fltk-1.3.2-source.tar.bz2,https://www.fltk.org/pub/fltk/1.3.2/fltk-1.3.2-source.tar.bz2,f5db11d3cb05f67e4aab90c46a6ba592,674f5b0d9901f4d4f28d33b0f3b85493ccc2ccdea7e762107a4c6fc7b0daeadf
fluidsynth-1.1.6.tar.bz2,https://sourceforge.net/projects/fluidsynth/files/fluidsynth-1.1.6/fluidsynth-1.1.6.tar.bz2,f6e696690e989098f70641364fdffad7,d28b47dfbf7f8e426902ae7fa2981d821fbf84f41da9e1b85be933d2d748f601
fluxbox-1.3.5.tar.bz2,https://downloads.sourceforge.net/fluxbox/fluxbox-1.3.5.tar.bz2,9d9e183424a0934e20417ff20775a570,164dd7bf59791d09a1e729a4fcd5e7347a1004ba675629860a5cf1a271c32983
fontconfig-2.10.93.tar.bz2,https://www.freedesktop.org/software/fontconfig/release/fontconfig-2.10.93.tar.bz2,0f8e5c63c2d6931626185c02802375a3,ea901f278848829ed9937d76fb0ce63ad362d7d5b9e75aa6a6b78bfef42e529c
foomatic-db_20120523.orig.tar.xz,https://archive.debian.org/debian-archive/debian/pool/main/f/foomatic-db/foomatic-db_20120523.orig.tar.xz,bcba16af54da84fc3533c7ad0c533f39,384d4286ee3f6d79fd635d2112aa15806a0e1233f8c04b11ff6531be6acc52c8
foomatic-db-engine-4.0.9.tar.gz,https://www.openprinting.org/download/foomatic/foomatic-db-engine-4.0.9.tar.gz,5b33c1adb21e7b6f3652e9a18d0e6f4e,7c9ef1c8e934de1b0e37104570d6b1ff8ea349f3ed6d965397b7c94449122f44
foomatic-filters-4.0.17.tar.gz,https://www.openprinting.org/download/foomatic/foomatic-filters-4.0.17.tar.gz,b05f5dcbfe359f198eef3df5b283d896,a2e2e53e502571e88eeb9010c45a0d54671f15707ee104f5c9c22b59ea7a33e3
fop-1.1-src.tar.gz,https://archive.apache.org/dist/xmlgraphics/fop/source/fop-1.1-src.tar.gz,7b63af514b28c06fe710a794cbf4d68e,58164cb3298d130522ecd445b8082c71c36242ea6464c8f02ab4157e4a332522
freefont-sfd-20060126.tar.gz,https://download.savannah.nongnu.org/releases/freefont/freefont-sfd-20060126.tar.gz,873b8c1ed53a85c7a1a34e9b7a4ecd62,c333fea49b07c982762c9b379a20170cb0e75668e395aa0fc6f1bc6124475cce
freefont-ttf-20060126.tar.gz,https://download.savannah.nongnu.org/releases/freefont/freefont-ttf-20060126.tar.gz,822aba4e2ed065d9d3ded6e26e495854,96115b0645d9983fdb24a6a1b83f7babd52c4965a7fcd4795dad405ee62c294c
freeglut-2.8.1.tar.gz,https://downloads.sourceforge.net/freeglut/freeglut-2.8.1.tar.gz,918ffbddcffbac83c218bc52355b6d5a,dde46626a62a1cd9cf48a11951cdd592e7067c345cffe193a149dfd47aef999a
freetds-0.91.89.tar.gz,https://www.freetds.org/files/stable/freetds-0.91.89.tar.gz,8e242c0d7d68ef7c67ec97f30275c7b1,b8e681ee3d2b14f98aa6e04ba16e1cea0f6d8ad45256c6059d58794dc26f24bc
freetts-1.2.2-src.zip,https://downloads.sourceforge.net/freetts/freetts-1.2.2-src.zip,692b5ece251fed88539736e55af5f391,270bbf8c3ab1571585f0a78818ba73b601ef515eb1e6087293c41177219ed156
freetts-1.2.2-tst.zip,https://downloads.sourceforge.net/freetts/freetts-1.2.2-tst.zip,4348c7db928612d4b6f6eb2fd621a949,5f88d10465fd6786df7c9341d65c5b722934e87d9f5dfabd004a3a2d7ab46697
freetype-2.5.0.1.tar.bz2,https://downloads.sourceforge.net/freetype/freetype-2.5.0.1.tar.bz2,c72e9010b1d986d556fc0b2b5fcbf31a,57bce5b37989577aa8b4a588426839f6bf39bcc3869748cb18f6827df251f4e5
freetype-doc-2.5.0.tar.bz2,https://downloads.sourceforge.net/freetype/freetype-doc-2.5.0.tar.bz2,40f3d5cc0b16396b3fb6b98eeaa053b2,8c1af657e8845830278abd019c49288e6b0f94409a6d4506c73a29f0fc062a4d
frei0r-1.4.tar.gz,https://github.com/dyne/frei0r/archive/refs/tags/v1.4.tar.gz,45d5257b8a406d08639b86576d91bc29,54eb925cbc1fec640c28f9593b3e13bc919cb7d08b630d1ca5f3ddc82bf8d67f
fribidi-0.19.5.tar.bz2,https://ftp.ludd.ltu.se/mirrors/blfs/conglomeration/fribidi/fribidi-0.19.5.tar.bz2,925bafb97afee8a2fc2d0470c072a155,501231e4260f83fccedae1cafe983a7de87082e3f5387e0b283d016f7f4cb428
fuse-2.9.3.tar.gz,https://github.com/libfuse/libfuse/releases/download/fuse_2_9_4/fuse-2.9.3.tar.gz,33cae22ca50311446400daf8a6255c6a,0beb83eaf2c5e50730fc553406ef124d77bc02c64854631bdfc86bfd6437391c
game-music-emu-0.6.0.tar.bz2,https://bitbucket.org/mpyne/game-music-emu/get/3c6adec6709439a4c8896c73c76cb12d9ff632f4.tar.bz2,cebafa32f7a7375f46a2b77ee97759b4,78b4de609fd02947c4116a3a332f4091645a53d329c436bc17af2630960428d9
gamin-0.1.10.tar.gz,https://ftp.ludd.ltu.se/mirrors/blfs/conglomeration/gamin/gamin-0.1.10.tar.gz,b4ec549e57da470c04edd5ec2876a028,28085f0ae8be10eab582ff186af4fb0be92cc6c62b5cc19cd09b295c7c2899a1
garcon-0.2.1.tar.bz2,https://archive.xfce.org/src/xfce/garcon/0.2/garcon-0.2.1.tar.bz2,c3cf89c836be0ddb281c81e4808fb68b,48b644b8b2ffe597974e2526ca1a5d2d7da6a09c2d434f008dec80e9152701f7
gc-7.2d.tar.gz,https://www.hboehm.info/gc/gc_source/gc-7.2d.tar.gz,91340b28c61753a789eb6077675d87d2,d9fe0ae8650d43746a48bfb394cab01a319f3809cee19f8ebd16aa985b511c5e
gcc-4.8.1.tar.bz2,https://ftp.gnu.org/gnu/gcc/gcc-4.8.1/gcc-4.8.1.tar.bz2,3b2386c114cd74185aa3754b58a79304,545b44be3ad9f2c4e90e6880f5c9d4f0a8f0e5f67e1ffb0d45da9fa01bb05813
GConf-3.2.6.tar.xz,https://ftp.gnome.org/pub/gnome/sources/GConf/3.2/GConf-3.2.6.tar.xz,2b16996d0e4b112856ee5c59130e822c,1912b91803ab09a5eed34d364bf09fe3a2a9c96751fde03a4e0cfa51a04d784c
gconfmm-2.28.3.tar.bz2,https://download.gnome.org/sources/gconfmm/2.28/gconfmm-2.28.3.tar.bz2,ebcf96373cb0c71bc4cfad0e6da83779,a5e0092bb73371a3ca76b2ecae794778f3a9409056fee9b28ec1db072d8e6108
gcr-3.8.2.tar.xz,https://ftp.gnome.org/pub/gnome/sources/gcr/3.8/gcr-3.8.2.tar.xz,f5e66afcab19897a0de0590735329fb1,a1e615ce2cfd375f383bbdd289935a8e3e16901c3c6f032780847055e8bec2c1
gd-2.0.33.tar.gz,https://www.boutell.com/gd/http/gd-2.0.33.tar.gz,94912ac058f51eca0bb5872faa4e14f5,4468a291b242e811ffaed69dd59667f9641d65d4132b3b7b2f9422f5d488f0cf
gd-2.1.0.tar.gz,https://github.com/libgd/libgd/archive/refs/tags/gd-2.1.0.tar.gz,9e515cd5cc9645665cb5c16e9bbd2486,a5aab3e8c011fcd2941b5a1dae9d88028d4fee2ab38291a582e6a37ad888b04d
gdb-7.6.tar.bz2,https://ftp.gnu.org/gnu/gdb/gdb-7.6.tar.bz2,fda57170e4d11cdde74259ca575412a8,a410e8f35ee70cce83dbbf1da9e2a8373f271ac0e4b71db4336ae293fc7bdf1b
gdk-pixbuf-2.28.2.tar.xz,https://ftp.gnome.org/pub/gnome/sources/gdk-pixbuf/2.28/gdk-pixbuf-2.28.2.tar.xz,04c04e5042acd85cff6c439aba1995f1,183113c2eb2232963e88864a6a54fd963dbfeb1a3679fb0d3456f9e0b79e4617
gdm-3.8.4.tar.xz,https://download.gnome.org/sources/gdm/3.8/gdm-3.8.4.tar.xz,e24ddcaa4802ee948109cde52f96989a,db40fb66bf476721b6d333abe0bfed7feacdca7d492f971c86a3f1e5cccdb447
gedit-3.8.3.tar.xz,https://ftp.gnome.org/pub/gnome/sources/gedit/3.8/gedit-3.8.3.tar.xz,dd81bffac9026854e33ded9e8ed9bf7c,dfbc2d9cf975b247c6a6b8bd1ae1b72d8e8a1f862f5f3d084a404853092cf9d3
gegl-0.2.0.tar.bz2,https://artfiles.org/gimp.org/pub/gegl/0.2/gegl-0.2.0.tar.bz2,32b00002f1f1e316115c4ed922e1dec8,df2e6a0d9499afcbc4f9029c18d9d1e0dd5e8710a75e17c9b1d9a6480dd8d426
geoclue-0.12.0.tar.gz,https://launchpad.net/geoclue/trunk/0.12/+download/geoclue-0.12.0.tar.gz,33af8307f332e0065af056ecba65fec2,0f533f177ae9aa35e807a01c754840f66df9579f5524552f14f2b5ba670a4696
GeoIP-1.4.8.tar.gz,https://web.archive.org/web/20121215103809/http://geolite.maxmind.com/download/geoip/api/c/GeoIP-1.4.8.tar.gz,05b7300435336231b556df5ab36f326d,cf0f6b2bac1153e34d6ef55ee3851479b347d2b5c191fda8ff6a51fab5291ff4
ggi-2.2.2-bundle.src.tar.gz,https://sourceforge.net/projects/ggi/files/bundle/GGI-2.2.2/ggi-2.2.2-bundle.src.tar.gz,b9e76d0fec1b9dc60c9d4d75e491fefe,eef62b69c2ae6564036f05291c8dfbc482ae2e75d8768a590adc61914c7a6877
ghostpdl-9.07.tar.gz,https://github.com/ArtifexSoftware/ghostpdl/archive/refs/tags/ghostpdl-9.07.tar.gz,b360d0577cb3d39e1f67b2f65042dba4,24affaf0ec2651ecfd1d9fd22c263f87c4923c12373d18c22d676bdef30080d9
ghostscript-9.07.tar.bz2,https://ftp.ludd.ltu.se/mirrors/blfs/conglomeration/ghostscript/ghostscript-9.07.tar.bz2,eea27befc1e85bef6d4768202f6b03a5,1e3ee857743bad34280a1186bd92bb486cd847ccd1a838919f82bc96f6687410
ghostscript-fonts-std-8.11.tar.gz,https://downloads.sourceforge.net/gs-fonts/ghostscript-fonts-std-8.11.tar.gz,6865682b095f8c4500c54b285ff05ef6,0eb6f356119f2e49b2563210852e17f57f9dcc5755f350a69a46a0d641a0c401
ghostview_1.5.orig.tar.gz,https://archive.debian.org/debian-archive/debian/pool/main/g/ghostview/ghostview_1.5.orig.tar.gz,0eeff3efbc0d0d0926037b1097087a3b,1d8a17f015e72e498707a3177b64419400ec602f9a5aec4294b2e984e86ef17f
giflib-4.2.1.tar.bz2,https://downloads.sourceforge.net/giflib/giflib-4.2.1.tar.bz2,bbd3324af24156d5d7e66ab1cee8508d,3f6c9dea12e41d00e253f7465d714d09248a8bcbed3415c25fd9ce50a1cdded6
gimp-2.8.6.tar.bz2,https://artfiles.org/gimp.org/pub/gimp/v2.8/gimp-2.8.6.tar.bz2,12b3fdf33d1f07ae79b412a9e38b9693,215865b0ff4534bbced551995ae3093ede1918246ead914984603a5c1a5be845
gimp-help-2.8.0.tar.bz2,https://artfiles.org/gimp.org/pub/gimp/help/gimp-help-2.8.0.tar.bz2,d6e07a569fe4b3bb11aaf5630da2693b,34385b13eeacb8d6672f3e19444c3270dd55aad4ac2b2e2f613e7e0d3dd407df
git-1.8.3.4.tar.gz,https://www.kernel.org/pub/software/scm/git/git-1.8.3.4.tar.gz,8b19955e2e9064bae82fbe75911cff98,9572495c341284e286e9ef3be2c4681d402edad446f7bf3db9adda10c272a756
gjs-js17-1.36.1.tar.bz2,https://ftp.ludd.ltu.se/mirrors/blfs/conglomeration/gjs/gjs-js17-1.36.1.tar.bz2,d97bdc386ee6ce84d7c69e7fbeed238d,5826f74fcf20750538f74e2b0059f392eb139996b80b70ca217f5f7a0d117e27
gle-3.1.0.tar.gz,https://sourceforge.net/projects/gle/files/gle/gle-3.1.0/gle-3.1.0.tar.gz,da5b45c6906343d4a3672c3de35513ad,dc8a74b5632b2c3fc84d33c2bf6ee43210b71b8ddf0a3166a25aeb46620bfa27
glib-2.36.3.tar.xz,https://ftp.gnome.org/pub/gnome/sources/glib/2.36/glib-2.36.3.tar.xz,89180c7354b0acd3efb0a36ac05ca39c,5ec433bf6ce02e4c436619c3d0b9cecdd1898469398a636bad27c1f5804c761e
glib-networking-2.36.2.tar.xz,https://ftp.gnome.org/pub/gnome/sources/glib-networking/2.36/glib-networking-2.36.2.tar.xz,fb9121742ed36d1723f296eea19dbb3c,2108d55b0af3eea56ce256830bcaf1519d6337e0054ef2eff80f2c0ef0eb23f9
glibmm-2.36.2.tar.xz,https://download.gnome.org/sources/glibmm/2.36/glibmm-2.36.2.tar.xz,5c96d566c22c209d7b9cbf2344c469e9,f15b65bf5740257be03c69f2f5ae71436ac3011ebeb02274b2b99b796c6837cf
glitz-0.5.6.tar.gz,https://cairographics.org/snapshots/glitz-0.5.6.tar.gz,c507f140ecccc06aed8888c958edda4c,132adf06e48531f4c01b6ba5843881e2b584a170c5222353d03cbef736d4a471
glu-9.0.0.tar.bz2,https://archive.mesa3d.org/glu/glu-9.0.0.tar.bz2,be9249132ff49275461cf92039083030,1f7ad0d379a722fcbd303aa5650c6d7d5544fde83196b42a73d1193568a4df12
gmime-2.6.16.tar.xz,https://ftp.gnome.org/pub/gnome/sources/gmime/2.6/gmime-2.6.16.tar.xz,05c365dd1c4fd3617ec9c68f134075f1,1093c2c9b4644d53b9c2df30042b3c4c2e9141d3e65e299030d227485d95c8af
gnash-0.8.10.tar.bz2,https://ftp.gnu.org/pub/gnu/gnash/0.8.10/gnash-0.8.10.tar.bz2,63e9f79c41d93d48c5a2fa94856548c4,9625072e45df92baa2c28fc9999d4e2deb66bc827530baedfad2e4e2292d1224
gnome-bluetooth-3.8.1.tar.xz,https://download.gnome.org/sources/gnome-bluetooth/3.8/gnome-bluetooth-3.8.1.tar.xz,a45c401daa15937a31c59d49943c59db,8095fcfa014931773e9d231dff76c6924f43abfbe4c5525cf07fd2d7f8e1f770
gnome-calculator-3.8.2.tar.xz,https://ftp.gnome.org/pub/gnome/sources/gnome-calculator/3.8/gnome-calculator-3.8.2.tar.xz,1040c061ee791a44a00e1ea7482feb61,13d67b6dfa2501b883add8adf5470c5fea5eb1f1fa87f84e8ceda069418f1e81
gnome-desktop-3.8.3.tar.xz,https://ftp.gnome.org/pub/gnome/sources/gnome-desktop/3.8/gnome-desktop-3.8.3.tar.xz,4d5bed79011826f62fda582d07d6fef5,c9c8d1888e28cb30e466be46909efe640fb3cb348909cae2664489508790e5a2
gnome-doc-utils-0.20.10.tar.xz,https://download.gnome.org/sources/gnome-doc-utils/0.20/gnome-doc-utils-0.20.10.tar.xz,3c64ad7bacd617b04999e4a168afaac5,cb0639ffa9550b6ddf3b62f3b1add92fb92ab4690d351f2353cffe668be8c4a6
gnome-icon-theme-3.8.3.tar.xz,https://ftp.gnome.org/pub/gnome/sources/gnome-icon-theme/3.8/gnome-icon-theme-3.8.3.tar.xz,a32d21242b3c648026c9846a58806a09,452ce3be9589d27a69f3ee79067e0d588f63d51fec911a583c4e37b7e46c6b6c
gnome-icon-theme-symbolic-3.8.3.tar.xz,https://ftp.gnome.org/pub/gnome/sources/gnome-icon-theme-symbolic/3.8/gnome-icon-theme-symbolic-3.8.3.tar.xz,0e732124bd3d7e4b813fc5177d50f190,1851faa5c827e2efa1c3cbe42b6fa8c3db83a0d57c4a534ce0f3bc539123930f
gnome-keyring-2.91.93.tar.gz,https://download.gnome.org/sources/gnome-keyring/2.91/gnome-keyring-2.91.93.tar.gz,4d8a426f1fa43fea13cd2bc9731d6341,4bb5e13c776c471f17c9b224369fbd8a39e2fd472705514db3dd2fb95f7a0e16
gnome-nettool-3.8.1.tar.xz,https://ftp.gnome.org/pub/gnome/sources/gnome-nettool/3.8/gnome-nettool-3.8.1.tar.xz,d4fc944b7ba8fd5f49f04a73e0d37e80,f0a4510d9fe5eae4c91b63ade9848992b2795108e76eff7f51dc3decf7df2cb1
gnome-online-accounts-3.7.92.tar.xz,https://download.gnome.org/sources/gnome-online-accounts/3.7/gnome-online-accounts-3.7.92.tar.xz,b605c1d78308bd70674e36c3bd5594f0,846f3003898c3f7d5ef37db83eb4712a697ea4f78a79dec7efe4dc5c5dc31aa8
gnome-power-manager-3.8.2.tar.xz,https://ftp.gnome.org/pub/gnome/sources/gnome-power-manager/3.8/gnome-power-manager-3.8.2.tar.xz,f6d16edbb5e539a9ba3e66d63e4799d0,6f4fee6cce2c0a58ae52a2cae1b8f0acca0a08d8154fe056ca3bfb5e537c5b61
gnome-system-monitor-3.8.2.1.tar.xz,https://ftp.gnome.org/pub/gnome/sources/gnome-system-monitor/3.8/gnome-system-monitor-3.8.2.1.tar.xz,414cfebd9ff4a314692faa78a0a046b5,df4d2c4dbb4f3408b621140732efb3e38853658addd6aae73613027856f6bb44
gnome-terminal-3.8.4.tar.xz,https://ftp.gnome.org/pub/gnome/sources/gnome-terminal/3.8/gnome-terminal-3.8.4.tar.xz,43fb1f084bc9c11c6d4a6158b246bede,5c1a1db9b4c5eb5780137bed5ed6a05afd82053bd5b2ad41180d4617c56a3f22
gnome-themes-2.32.1.tar.bz2,https://download.gnome.org/sources/gnome-themes/2.32/gnome-themes-2.32.1.tar.bz2,41db9e3cb25d35af2675c599e67944d1,8601ee24c2e096593221cbd6ebdb6686042225a03c02a01c0d67c163f9febd1a
gnome-themes-standard-3.8.3.tar.xz,https://ftp.gnome.org/pub/gnome/sources/gnome-themes-standard/3.8/gnome-themes-standard-3.8.3.tar.xz,73af8ba821824d10893a472ad5303308,977eb8ac94bad6e7095c272a583e614fba1c1897410e9f25ae028618d269b1e4
gnome-vfsmm-2.26.0.tar.bz2,https://download.gnome.org/sources/gnome-vfsmm/2.26/gnome-vfsmm-2.26.0.tar.bz2,d27d34b6a8722c557366729071c1baab,d6a89fc82238bbfd6d3f7e44bcaee73dc197be98635be482a2d2df38ec0446d3
gnome-video-effects-0.4.0.tar.xz,https://ftp.gnome.org/pub/gnome/sources/gnome-video-effects/0.4/gnome-video-effects-0.4.0.tar.xz,bf77ccbf5bfff2d3c763c11b2ba90fcf,8f7f674b23abab88fac1c10db8eda0cfc7bff1c39413f2959203b9755575bde7
gnu-gs-fonts-other-6.0.tar.gz,https://downloads.sourceforge.net/gs-fonts/gnu-gs-fonts-other-6.0.tar.gz,33457d3f37de7ef03d2eea05a9e6aa4f,8146cccc4699fe9dab841446bdd17039f4769c903eceb54409188b920754aab3
gnumeric-1.12.4.tar.xz,https://ftp.gnome.org/pub/gnome/sources/gnumeric/1.12/gnumeric-1.12.4.tar.xz,0ec8e9902245fc099ca985ece80e48af,562e17d8b56f4587e33f54adff89a65ede6e6e0c57bcd561589453d8edae80bd
gnupg-1.4.14.tar.bz2,https://www.gnupg.org/ftp/gcrypt/gnupg/gnupg-1.4.14.tar.bz2,99dede468204cb6ee22de7e3e3772ab1,f2c4cd3ed6a5fb66cb369bf8160e53127712adfe41ebf965c0f02ab71d984413
gnupg-2.0.20.tar.bz2,https://www.gnupg.org/ftp/gcrypt/gnupg/gnupg-2.0.20.tar.bz2,9d18ee71bb0b10d40d1c8a393bdd7a89,6e949b7f062cab8a3cf0910f91ecf04cabaad458c0aeeec66298651b8b04b79a
gnuplot-4.6.3.tar.gz,https://sourceforge.net/projects/gnuplot/files/gnuplot/4.6.3/gnuplot-4.6.3.tar.gz,db7a73d2dddec0149dcec35e30561aa3,df5ffafa25fb32b3ecc0206a520f6bca8680e6dcc961efd30df34c0a1b7ea7f5
gnutls-3.2.3.tar.xz,https://www.gnupg.org/ftp/gcrypt/gnutls/v3.2/gnutls-3.2.3.tar.xz,7c0dd4f77dc70c64d2f385aeb2df4157,0543ca13ce9ee1dea95a9349d319623b74d93b8a23935543197b1682bb7f2b5b
gobject-introspection-1.36.0.tar.xz,https://ftp.gnome.org/pub/gnome/sources/gobject-introspection/1.36/gobject-introspection-1.36.0.tar.xz,747523a60d02effe39417e2157b3a1c4,e3e76d9d428e7534761bf8cdf75338865a4b0872e8052bef51792744608b6383
goffice-0.10.4.tar.xz,https://ftp.gnome.org/pub/gnome/sources/goffice/0.10/goffice-0.10.4.tar.xz,93f06f8ee70d2601b158762b0a543927,30cb91693abff241e1b14b741ac23bc588f428b4524b12e3fecd1ea3f0bc67ba
goffice-0.8.17.tar.bz2,https://ftp.gnome.org/pub/gnome/sources/goffice/0.8/goffice-0.8.17.tar.bz2,b4c924457163e02daf8a8d2428f51d10,dd8caef5fefffbc53938fa619de9f58e7c4dc71a1803de134065d42138a68c06
google-gadgets-for-linux-0.11.2.tar.bz2,https://storage.googleapis.com/google-code-archive-downloads/v2/code.google.com/google-gadgets-for-linux/google-gadgets-for-linux-0.11.2.tar.bz2,279305553bcbf74f3e3615f6abc36a5e,2f129ae6c294876b3bc29bdf66c0f02e2c1000f97aadb3540d296560a14f343f
goom-2k4-0-src.tar.gz,https://sourceforge.net/projects/goom/files/goom2k4/0/goom-2k4-0-src.tar.gz,8100dd07e0c6784fdf079eeaa53a5c7f,d993c904c05faba87fd7f159291fa1cb7aadcff2edd28454d8e967880a8a0c85
gparted-0.16.1.tar.bz2,https://downloads.sourceforge.net/gparted/gparted-0.16.1.tar.bz2,3f399bff031b5ce14d11a8c346f4b89c,e5f470c5d29d2d13f1e91d0a5bc2aa10a3630a7e780da22d198b3f5be43098c4
gperf-3.0.4.tar.gz,https://ftp.gnu.org/gnu/gperf/gperf-3.0.4.tar.gz,c1f1db32fb6598d6a93e6e88796a8632,767112a204407e62dbc3106647cf839ed544f3cf5d0f0523aaa2508623aad63e
gpgme-1.4.2.tar.bz2,https://www.gnupg.org/ftp/gcrypt/gpgme/gpgme-1.4.2.tar.bz2,c8cb345ba7c0353e47bdf3c5c05e49be,2c4f2bf71e53e6fb7badf07801d4248777566a621c8c2339c02c289731df6856
gpm-1.20.7.tar.bz2,https://www.nico.schottelius.org/software/gpm/archives/gpm-1.20.7.tar.bz2,bf84143905a6a903dbd4d4b911a2a2b8,f011b7dc7afb824e0a017b89b7300514e772853ece7fc4ee640310889411a48d
gpsd-3.9.tar.gz,https://download.savannah.nongnu.org/releases/gpsd/gpsd-3.9.tar.gz,53a88f24a0973d23427e82e9a8914f19,d9b24be838b48db5e8eba66f74edf32d1982fe0fb018c9d9a7ad1ada9f189d5a
gptfdisk-0.8.7.tar.gz,https://downloads.sourceforge.net/project/gptfdisk/gptfdisk/0.8.7/gptfdisk-0.8.7.tar.gz,005b45c0b37c37a99024704fdb2ee610,39e61d9f3701e95db1bcb83ce8fb211b22f33548e3c75b17f22067c6968e91e3
grantlee-0.3.0.tar.gz,https://web.archive.org/web/20131212205708/http://downloads.grantlee.org/grantlee-0.3.0.tar.gz,195763a3238f51f8885881fc8012cd83,fb7ebcc9beb5f74077a5e2fb4e9893d280dd3346e7f5f58155f0dcc9a2e25f30
graphite-1.2.3.tar.gz,https://github.com/silnrsi/graphite/archive/refs/tags/1.2.3.tar.gz,326b349aeced47512a580f7c4f28983c,3b7bc41a60d515c77bc3df0e60ff3a816d263764a75ba93558f32ae9168fbd8f
graphite2-1.2.2.tgz,https://web.archive.org/web/20150404182752/http://projects.palaso.org/attachments/download/378/graphite2-1.2.2.tgz,4bfd5db6c91a4097cd76a699beaca70e,fde29e7cacf836f7148b1b93e22854bba20dca564c747cd4d7a3c2f2d456eee2
graphviz-2.32.0.tar.gz,https://ftp.ludd.ltu.se/mirrors/blfs/conglomeration/graphviz/graphviz-2.32.0.tar.gz,deda3933da701e2cc9ad968249a0b096,d853b2313e08a1dd0cce20d9ff8051acfa9ec418b5ba2dc65c8f4ddb07a7a77a
grilo-0.2.6.tar.gz,https://github.com/GNOME/grilo/archive/refs/tags/grilo-0.2.6.tar.gz,9a597ee05e6c51764790922652a5bc9f,27930521fe79cc0b861ccb3d34dba4226f2cd6f89165f34484afea6c86b1a83d
gsettings-desktop-schemas-3.8.2.tar.xz,https://ftp.gnome.org/pub/gnome/sources/gsettings-desktop-schemas/3.8/gsettings-desktop-schemas-3.8.2.tar.xz,e084260f176b3cdc8d56a5f6af0d2c0d,86070b2a4e1ab5a28f81b8fd413434eadc1f8505cbf14886d150eb925f93c827
gsl-1.16.tar.gz,https://ftp.gnu.org/pub/gnu/gsl/gsl-1.16.tar.gz,e49a664db13d81c968415cd53f62bc8b,73bc2f51b90d2a780e6d266d43e487b3dbd78945dd0b04b14ca5980fe28d2f53
gsm-1.0.24.tar.gz,https://www.quut.com/gsm/gsm-1.0.24.tar.gz,c13a7e1c5f826e9dbaa71db19e7ebfae,a3c40c6471928383f4abfcb2e8f24012a1f562be2f17b8d672145d5986681a92
gst-ffmpeg-0.10.13.tar.bz2,https://gstreamer.freedesktop.org/src/gst-ffmpeg/gst-ffmpeg-0.10.13.tar.bz2,7f5beacaf1312db2db30a026b36888c4,76fca05b08e00134e3cb92fa347507f42cbd48ddb08ed3343a912def187fbb62
gst-libav-1.0.9.tar.xz,https://gstreamer.freedesktop.org/src/gst-libav/gst-libav-1.0.9.tar.xz,8414f8d4c4a239a74a3d5eadf3d14875,759641c0597c24191322f40945b363b75df299a539ff4086650be6193028189a
gst-plugins-bad-0.10.23.tar.xz,https://gstreamer.freedesktop.org/src/gst-plugins-bad/gst-plugins-bad-0.10.23.tar.xz,e4822fa2cc933768e2998311a1565979,03cf0786391c64625569072e904082a08861f05a63d64b2f8e8dad3f26d81bf9
gst-plugins-bad-1.0.9.tar.xz,https://gstreamer.freedesktop.org/src/gst-plugins-bad/gst-plugins-bad-1.0.9.tar.xz,569e5122fd7bfd7bd861a537f0a28c60,69d236b1d8188270a3f51f6710146d0ca63c2f1a9f6cfbab3399ef01b9498f75
gst-plugins-base-0.10.36.tar.xz,https://ftp.gnome.org/pub/gnome/sources/gst-plugins-base/0.10/gst-plugins-base-0.10.36.tar.xz,3d2337841b132fe996e5eb2396ac9438,1fe45c3894903001d4d008b0713dab089f53726dcb5842d5b40c2595a984e64a
gst-plugins-base-1.0.9.tar.xz,https://gstreamer.freedesktop.org/src/gst-plugins-base/gst-plugins-base-1.0.9.tar.xz,24af1986581d9c2cd3dc834ab64d133d,963e3b83d651661f495ca2e44ccd2d5c61e986e9d7706246e568276689a372ea
gst-plugins-good-0.10.31.tar.xz,https://ftp.gnome.org/pub/gnome/sources/gst-plugins-good/0.10/gst-plugins-good-0.10.31.tar.xz,555845ceab722e517040bab57f9ace95,77a8436a7c0a15f876bad29616835046890df2bcaf72da02151bd91e3d292b64
gst-plugins-good-1.0.9.tar.xz,https://gstreamer.freedesktop.org/src/gst-plugins-good/gst-plugins-good-1.0.9.tar.xz,20bb77f201b044f4ba61de167c4466d7,cfa2e617a76f93e9ddd4ae1109297e93fb4a06b152042b996231234a72c5a5ff
gst-plugins-ugly-0.10.19.tar.xz,https://gstreamer.freedesktop.org/src/gst-plugins-ugly/gst-plugins-ugly-0.10.19.tar.xz,ba26045c8c8c91f0d48d327ccf53ac0c,4934f65ff892637e7efaf1cfe635779189dde429d0706f40c86a3aac476ea873
gst-plugins-ugly-1.0.9.tar.xz,https://gstreamer.freedesktop.org/src/gst-plugins-ugly/gst-plugins-ugly-1.0.9.tar.xz,ea8b4e05ed5beb982762b45aba266720,11250fe9e44b0169c3a289e981b31874b483643ed78f619682ae1644d7088379
gstreamer-0.10.36.tar.xz,https://ftp.gnome.org/pub/gnome/sources/gstreamer/0.10/gstreamer-0.10.36.tar.xz,15389c73e091b1dda915279c388b9cb2,9151aa108c177054387885763fa0e433e76780f7c5655c70a5390f2a6c6871da
gstreamer-1.0.9.tar.xz,https://gstreamer.freedesktop.org/src/gstreamer/gstreamer-1.0.9.tar.xz,cbbad73d703b811bc8bd18e47b36e534,17a2c60a82baa461ef685ad3de187edb9c03a2c7e07513daba58a5a32efacaa3
gtk-doc-1.19.tar.xz,https://ftp.gnome.org/pub/gnome/sources/gtk-doc/1.19/gtk-doc-1.19.tar.xz,1d1b5c074598415454a4be88228cc8f2,27df247fa828433a9390368e2088cc22f954f2ce1f255ddbd12ab6e027b12e68
gtk-engines-2.20.2.tar.bz2,https://ftp.gnome.org/pub/gnome/sources/gtk-engines/2.20/gtk-engines-2.20.2.tar.bz2,5deb287bc6075dc21812130604c7dc4f,15b680abca6c773ecb85253521fa100dd3b8549befeecc7595b10209d62d66b5
gtk-sharp-2.12.21.tar.gz,https://download.mono-project.com/sources/gtk-sharp212/gtk-sharp-2.12.21.tar.gz,2e892f265877fe5c16f41b771edb7618,ea02da7000433115dcc008102e0c217479c06d74b2c3af5b76527784f933b088
gtk-xfce-engine-3.0.1.tar.bz2,https://archive.xfce.org/src/archive/gtk-xfce-engine/3.0/gtk-xfce-engine-3.0.1.tar.bz2,174e774d0debb052ec457640275f065d,eb03cf81da1a91e426a2141c092ed7a1634cab29ea2f3546480e901290a7a06d
gtk+-2.24.20.tar.xz,https://ftp.gnome.org/pub/gnome/sources/gtk+/2.24/gtk+-2.24.20.tar.xz,9d7833331d7accd80668e29d7f567ce5,cc66bcbf9239a7d9861175c681ba95894b55c70dc0b37aad8345c46ecfda0da3
gtk+-3.8.2.tar.xz,https://ftp.gnome.org/pub/gnome/sources/gtk+/3.8/gtk+-3.8.2.tar.xz,8e878e18fc385f2b813419dc7b40a968,1ca80c9c15a1df95d74cefb8c2afe4682ba272a4b489106f04877be2a7aff297
gtkhtml-4.6.6.tar.xz,https://download.gnome.org/sources/gtkhtml/4.6/gtkhtml-4.6.6.tar.xz,b0b09c3f03707e0284a3b27db30f1143,145d23bbe729ff4ee7e7027bb5ff405b34822271327fdd81fe913134831374cd
gtkmathview-0.8.0.tar.gz,http://helm.cs.unibo.it/mml-widget/sources/gtkmathview-0.8.0.tar.gz,b53564e553728d4b69f7d366dfeb5299,1dc30175da6a3c560a7d62d1abe1c2f9829d988e6f1a7c5e766544575c558c43
gtkmm-2.24.4.tar.xz,https://ftp.gnome.org/pub/gnome/sources/gtkmm/2.24/gtkmm-2.24.4.tar.xz,b9ac60c90959a71095f07f84dd39961d,443a2ff3fcb42a915609f1779000390c640a6d7fd19ad8816e6161053696f5ee
gtkmm-3.8.1.tar.xz,https://ftp.gnome.org/pub/gnome/sources/gtkmm/3.8/gtkmm-3.8.1.tar.xz,15211fab12ea2ce955369dcc320baf5c,d374c6d6d78fd9f61bca737cd7c23452de427a1662de8abf46df784e07e4c95b
gtksourceview-2.10.5.tar.gz,https://ftp.gnome.org/pub/gnome/sources/gtksourceview/2.10/gtksourceview-2.10.5.tar.gz,220db5518e3f7fa06c980f057b22ba62,f5c3dda83d69c8746da78c1434585169dd8de1eecf2a6bcdda0d9925bf857c97
gtksourceview-3.8.2.tar.xz,https://ftp.gnome.org/pub/gnome/sources/gtksourceview/3.8/gtksourceview-3.8.2.tar.xz,fa8a252f811b6042cfc2eb47e580609f,1c2a01f1e04e3c8c9f09ff22f34f73f17b0e4e7ff0d83b2996c209bd02a6501b
gtkspell3-3.0.3.tar.gz,https://sourceforge.net/projects/gtkspell/files/3.0.3/gtkspell3-3.0.3.tar.gz,58f68a0fe9007d9a3d6092b222689320,722d909e65925aef97380dd3fce92d8896be83b071487b79b2b3159bf877fc04
gucharmap-3.8.2.tar.xz,https://ftp.gnome.org/pub/gnome/sources/gucharmap/3.8/gucharmap-3.8.2.tar.xz,ffb657c57ae9eb6e5e41948d864721ff,08272386155bc1a7d6a2d1a0ee8d2e5ea08a9512c40dbd76b3b4c3f105604901
guile-2.0.9.tar.xz,https://ftp.gnu.org/pub/gnu/guile/guile-2.0.9.tar.xz,a69b575d4a633bdd9118f3a4a1e97766,f70a38c8d9751f442679bfe61852bba8545af4d4355d037630997c2f37f2895b
gupnp-igd-0.2.2.tar.xz,https://download.gnome.org/sources/gupnp-igd/0.2/gupnp-igd-0.2.2.tar.xz,f881323304185c02634034e3bda714ba,73b6a98a0f13b29b34c3bfc07f99f78b1319211cb95a8585752873af2b9067d3
gutenprint-5.2.9.tar.bz2,https://downloads.sourceforge.net/gimp-print/gutenprint-5.2.9.tar.bz2,aefbec27b96dd404d9ac9811e17d58ce,4b27e4f06f32d30271df89ecb6089bb11bcf2caec5f60b0909e083095354bca0
gv-3.7.4.tar.gz,https://ftp.gnu.org/gnu/gv/gv-3.7.4.tar.gz,80035c43285781b68361acda09ad7441,2162b3b3a95481d3855b3c4e28f974617eef67824523e56e20b56f12fe201a61
gvfs-1.16.3.tar.xz,https://ftp.gnome.org/pub/gnome/sources/gvfs/1.16/gvfs-1.16.3.tar.xz,122f20b25a5e0259a3d33be25113a0aa,02a4483d0dd2e307f58f8e1d34dd29dbe06d3a345b73ac8d6f87bb91189c8e49
gvolwheel-1.0.tar.gz,https://downloads.sourceforge.net/gvolwheel/gvolwheel-1.0.tar.gz,4f04f00cdb875894c96b8a3ff8a9edb9,43f5fa526865055d7196a58ad1fbb4019ceb2353a82bff5827c19033d616c676
gwenview-4.10.3.tar.xz,https://download.kde.org/stable/4.10.3/src/gwenview-4.10.3.tar.xz,02090ef4d711cf0f507a08c7cf9d376e,d764632e05d75d372e8186b00b7e30782f905ca1c926f2b8696fa5afb6533ea5
hamcrest-1.3.tgz,https://web.archive.org/web/20130227011856if_/http://hamcrest.googlecode.com/files/hamcrest-1.3.tgz,92e91c2754d44e49b72d70c10a04cb08,c6428e40d069fff3f99780efaae96c35ebdbf7cbfd475504254ebffcc19620c2
harfbuzz-0.9.19.tar.bz2,https://www.freedesktop.org/software/harfbuzz/release/harfbuzz-0.9.19.tar.bz2,9782581ee6ef972554772e84ca448131,d2da0f060d47f6ad9de8c8781bb21fa4b9eae8ea1cd1e956b814095baa002f35
hd2u-1.0.3.tgz,https://hany.sk/~hany/_data/hd2u/hd2u-1.0.3.tgz,8f6668fafb279aa19f956ec0515717b6,3c9269e4aa188ddfb1ccadbb9a1906d87f6cbb60b8a2ce71cc6c9f2082ccc890
hdparm-9.43.tar.gz,https://downloads.sourceforge.net/hdparm/hdparm-9.43.tar.gz,f73233be118d86c779a8463d8b6a3cdb,2bbe92274971182192901ab220e94bd2e4896f924fa6b225d0cffd7d8c16b52a
hfsutils_3.2.6.orig.tar.gz,https://archive.debian.org/debian-archive/debian/pool/main/h/hfsutils/hfsutils_3.2.6.orig.tar.gz,fa572afd6da969e25c1455f728750ec4,bc9d22d6d252b920ec9cdf18e00b7655a6189b3f34f42e58d5bb152957289840
hicolor-icon-theme-0.12.tar.gz,https://icon-theme.freedesktop.org/releases/hicolor-icon-theme-0.12.tar.gz,55cafbcef8bcf7107f6d502149eb4d87,9edca690617eaa19054951ca53501c802180262be8880ed84754ac46c93bec73
hp2xx-3.4.4.tar.gz,https://ftp.gnu.org/gnu/hp2xx/hp2xx-3.4.4.tar.gz,18808580d24b7caf2c4c7045c093329f,47b72fb386a189b52f07e31e424c038954c4e0ce405803841bed742bab488817
hspell-1.2.tar.gz,https://hspell.sourceforge.net/hspell-1.2.tar.gz,32fbc1a71e86ab46bf7870c6eec9a6be,254b7294cd89c372b0108fc6a239c1d438eb315c7fdf345c46eaf1d178f3b973
html-tidy-cvs_20101110.tar.bz2,https://anduin.linuxfromscratch.org/sources/BLFS/svn/t/tidy-cvs_20101110.tar.bz2,dd1fe109b4259ad3f364b175787ad5e9,e9f72ad84d9d2390315741644671132c78bd0a48e108122673e954e19898e023
html2ps_1.0b7.orig.tar.gz,https://archive.debian.org/debian-archive/debian/pool/main/h/html2ps/html2ps_1.0b7.orig.tar.gz,073ab8a239c8d0e3547192ee9016db15,d553980468a14bae738982c384c17f426ecf77dafd9a4e2499d520953f156f14
httpd-2.4.6.tar.bz2,https://archive.apache.org/dist/httpd/httpd-2.4.6.tar.bz2,ea5e361ca37b8d7853404419dd502efe,dc9f3625ebc08bea55eeb0d16e71fba656f252e6cd0aa244ee7806dc3b022fea
hunspell-1.3.2.tar.gz,https://sourceforge.net/projects/hunspell/files/Hunspell/1.3.2/hunspell-1.3.2.tar.gz,3121aaf3e13e5d88dfff13fb4a5f1ab8,b4edd4a4ee944cb9f485b35473e46b729ed768e9d24da8e78e4c4c6ca56addbd
hupnp-herqq-1.0.0.zip,https://sourceforge.net/projects/hupnp/files/hupnp/herqq-1.0.0.zip,45a0632f7c7b64bc0fdab852d36c1e61,cbcfc76f72d561d822a7ff5374b97e80d1731b610a5c257edbf5c013bfe6748e
hyphen-2.8.6.tar.gz,https://sourceforge.net/projects/hunspell/files/Hyphen/2.8/hyphen-2.8.6.tar.gz,ee527b48ef1a7e95ee803a1f7c283c56,155cc1be5f406a4f3e55cd5154dd30353652f4da6cff0f600be4f1f67c127208
i18n-fonts-0.1.tar.bz2,https://anduin.linuxfromscratch.org/sources/BLFS/conglomeration/i18n-fonts/i18n-fonts-0.1.tar.bz2,6fbd7cb72e9f240af419ccb2d0f1140f,0bcafc1d04fdb906d0fb64bc83feec085657c4b2941a7daaaa5984370057f8ec
ibus-1.5.3.tar.gz,https://storage.googleapis.com/google-code-archive-downloads/v2/code.google.com/ibus/ibus-1.5.3.tar.gz,fdde74794d8a1874f97294e0cd581d14,2afc6371c24873f0e37554ef07effd022042f8eca6cb649d1bb02d8c57528b8c
icedtea-2.4.1.tar.gz,https://icedtea.classpath.org/download/source/icedtea-2.4.1.tar.gz,cbdefd7d385c61a457924bfbee87e643,65142e19ee14c28106345b30b6181f5a4926dd20be599c536d778e31a8a5812a
icedtea-web-1.4.tar.gz,https://icedtea.classpath.org/download/source/icedtea-web-1.4.tar.gz,97c1d5f02f9a4ab19812a216f39e401a,e53a41fa132e086fa8d17cadf1e7e38cb3ab99577277949fbcae4ab8705245fb
icewm-1.3.7.tar.gz,https://downloads.sourceforge.net/icewm/icewm-1.3.7.tar.gz,224695231aedb2b91db3254a13e1c8dd,ca1a78046ae340c324c441ce24a9675c24a8bafd3eb6ed8205345785da08887b
icon-naming-utils-0.8.90.tar.bz2,https://tango.freedesktop.org/releases/icon-naming-utils-0.8.90.tar.bz2,dd8108b56130b9eedc4042df634efa66,b1378679df4485b4459f609a3304238b3e92d91e43744c47b70abbe690d883d5
icu4c-51_2-src.tgz,https://download.icu-project.org/files/icu4c/51.2/icu4c-51_2-src.tgz,2f6ea6cb562425e1af253fe30db4fcb2,0ccddc5facccb7384813da57208f030afe5378c4d2c5ebee684721375a68291b
ijs-0.35.tar.bz2,https://www.openprinting.org/download/ijs/download/ijs-0.35.tar.bz2,896fdcb7a01c586ba6eb81398ea3f6e9,11a5f5084488c480f3ff5a24d64d7147bb64272bf60a0ba51330a56c5b50cab9
ImageMagick-6.8.6-6.tar.xz,https://ftp.ludd.ltu.se/mirrors/blfs/conglomeration/ImageMagick/ImageMagick-6.8.6-6.tar.xz,ddd46cdf8f6eb22deee14d4fee267796,c826e88a7880016af07f6edb44d5bc2a57caf184242c4c3c087a94849294c701
imlib2-1.4.5.tar.bz2,https://downloads.sourceforge.net/enlightenment/imlib2-1.4.5.tar.bz2,859e5fede51ec819f4314eee11da3ea5,24700d93931838d2149cc2b4b58b9355cc81ec11d297f101a98dbb8d1c5c945a
initd-tools-0.1.3.tar.gz,https://people.freedesktop.org/~dbn/initd-tools/releases/initd-tools-0.1.3.tar.gz,ab6377700ace81ec5a556ebdbae1d8d9,c16f31837f3f5790f10e3ee0ded925125e45c108850bb3b026b624c1dbf22ec6
inkscape-0.48.4.tar.bz2,https://inkscape.org/gallery/item/8536/inkscape-0.48.4.tar.bz2,47bd8546e42ba396624eef9eb66b9b6c,8741ad8cbb5aa5cee4f234ebc45479cff2479b16d903870693174bdede8a519d
install-tl-unx.tar.gz,https://mirror.ctan.org/systems/texlive/tlnet/install-tl-unx.tar.gz,bec5560f171cd5410a695ec705a4d39e,479e3c21e66025a919d50f4dbb24efb1d7cf71ef3e34b5204de1056e2730cc54
intltool-0.50.2.tar.gz,https://launchpad.net/intltool/trunk/0.50.2/+download/intltool-0.50.2.tar.gz,23fbd879118253cb99aeac067da5f591,67f25c5c6fb71d095793a7f895b245e65e829e8bde68c6c8b4c912144ff34406
io-2011.09.12.tar.gz,https://github.com/IoLanguage/io/archive/refs/tags/2011.09.12.tar.gz,2835e368b2466c63cbf2331433dc9aab,49f6f338669b95a90ba0fe89bb477d02abb8a979f4ff6408b15fac9c149852b1
iptables-1.4.19.1.tar.bz2,https://www.netfilter.org/projects/iptables/files/iptables-1.4.19.1.tar.bz2,be97ce9007fa42c867901b496c935a0a,dd51d3b942758a462afc7c8495930d25c93058e5319303247375183ad50164d2
iso-codes-3.45.tar.xz,https://ftp.ludd.ltu.se/mirrors/blfs/conglomeration/iso-codes/iso-codes-3.45.tar.xz,fe238a1e392cb3caba398eae71b01582,7e54718c9a64ebc06464cc8d43d41c24e69ac2802da9af6c1120e906f89170ad
itstool-1.2.0.tar.bz2,https://files.itstool.org/itstool/itstool-1.2.0.tar.bz2,c0925f6869e33af8e7fe56848c129152,46fed63fb89c72dbfc03097b4477084ff05ad6f171212d8f1f1546ea543978aa
jack-0.121.3.tar.gz,https://github.com/jackaudio/jack1/archive/refs/tags/0.121.3.tar.gz,3747db690c9767d05b24e0a4f2dc20cd,2bd7c07dcfedd3e7432cc7f2c556fa84fcee0ef4d6d5e3f9c2535fe9304d3004
jai-1_1_3-lib-linux-amd64.tar.gz,https://download.java.net/media/jai/builds/release/1_1_3/jai-1_1_3-lib-linux-amd64.tar.gz,4a906db35612f668aeef2c0606d7075b,4bf0d26acbedc9e203059b18f8a1a7bfef0b448cb5515b8c1b530706e68eb75a
jai-1_1_3-lib-linux-i586.tar.gz,https://download.java.net/media/jai/builds/release/1_1_3/jai-1_1_3-lib-linux-i586.tar.gz,a2cbc155ef3899bcde9c74a8035764b3,00e68ee1742f972e1602913afcf095e4ca49c17e2df1d2c0938ecb267d41f94f
jasper-1.900.1.zip,https://www.ece.uvic.ca/~mdadams/jasper/software/jasper-1.900.1.zip,a342b2b4495b3e1394e161eb5d85d754,6b905a9c2aca2e275544212666eefc4eb44d95d0a57e4305457b407fe63f9494
jaxen-1.1.1-src.tar.gz,https://web.archive.org/web/20150506153121if_/http://dist.codehaus.org/jaxen/distributions/jaxen-1.1.1-src.tar.gz,b598ae6b7e765a92e13667b0a80392f4,f24ae604a20da87e3716bb1d441c483e56479eaef4e99888f41be06059790bca
jbigkit-2.0.tar.gz,https://www.cl.cam.ac.uk/~mgk25/jbigkit/download/jbigkit-2.0.tar.gz,3dd87f605abb1a97a22dc79d8b3e8f6c,f6be61695d18d6315961e473eda92252fdecf9636903bfbf4766a2eeff1f17ee
jeuclid-parent-3.1.9-src.zip,https://sourceforge.net/projects/jeuclid/files/3.1.x/3.1.9/jeuclid-parent-3.1.9-src.zip,25ca9caac5a73d87b82e56857612c6d8,80bddad60c02bb55d430cab78818c3a43223877c62bc71f1c7326e2ff8fbe362
jfsutils-1.1.15.tar.gz,https://jfs.sourceforge.net/project/pub/jfsutils-1.1.15.tar.gz,8809465cd48a202895bc2a12e1923b5d,244a15f64015ce3ea17e49bdf6e1a0fb4f9af92b82fa9e05aa64cb30b5f07a4d
jikes-1.22.tar.bz2,https://sourceforge.net/projects/jikes/files/Jikes/1.22/jikes-1.22.tar.bz2,cda958c7fef6b43b803e1d1ef9afcb85,0cb02c763bc441349f6d38cacd52adf762302cce3a08e269f1f75f726e6e14e3
jing-20091111.zip,https://storage.googleapis.com/google-code-archive-downloads/v2/code.google.com/jing-trang/jing-20091111.zip,13eef193921409a1636377d1efbf9843,57690280aa6b5521b570aaa5fe77e1b48d84b2a1b0a24da62f9b982c4416908c
joe-3.7.tar.gz,https://downloads.sourceforge.net/joe-editor/joe-3.7.tar.gz,66de1b073e869ba12abbfcde3885c577,cae456e1ad5a8c1d3c94920a3416c2347277739b260e3494d3bc0f2b9b73106f
json-c-0.11.tar.gz,https://s3.amazonaws.com/json-c_releases/releases/json-c-0.11.tar.gz,aa02367d2f7a830bf1e3376f77881e98,28dfc65145dc0d4df1dfe7701ac173c4e5f9347176c8983edbfac9149494448c
json-glib-0.16.0.tar.xz,https://ftp.gnome.org/pub/gnome/sources/json-glib/0.16/json-glib-0.16.0.tar.xz,bbca11f32509d6eb3f54d24156e7312d,e4a3fd2f399e4c148aad608e6ed0a94095f2ddde9dd12f5aa2f072ecae5c1d37
junit-4.11.jar,https://anduin.linuxfromscratch.org/sources/other/junit-4.11.jar,3c42be5ea7cbf3635716abbb429cb90d,90a8e1603eeca48e7e879f3afbc9560715322985f39a274f6f6070b43f9d06fe
junit4_4.11.orig.tar.gz,https://launchpad.net/debian/+archive/primary/+files/junit4_4.11.orig.tar.gz,b4d163832583dcec8bedb5427c795cc4,0e7fa9a70203449fc3c99815041447bcca8596213202a82a63e1840948b83b16
k3b-2.0.2.tar.bz2,https://downloads.sourceforge.net/k3b/k3b-2.0.2.tar.bz2,c86113af31a2032e57fd2f302b5f637a,af176f29c1d2339c4648d461476227cb07bcd0c75056f2a4006f253e3ef5b7cd
kactivities-4.10.3.tar.xz,https://download.kde.org/stable/4.10.3/src/kactivities-4.10.3.tar.xz,4079a7a99c2dfe1b5c7bde4f39657ae6,68e1654792aabad292b9689bdc5e34870e41b9829a37ffbac1685e9e05b7cd01
kate-4.10.3.tar.xz,https://download.kde.org/stable/4.10.3/src/kate-4.10.3.tar.xz,84858eba48bbf4f0bb64e44a859b7a7d,82a92153688018fb28db86d5d80ce80dddc345928c52b638cfc0a0912a85cc1e
kde-base-artwork-4.10.3.tar.xz,https://download.kde.org/stable/4.10.3/src/kde-base-artwork-4.10.3.tar.xz,5b69fb4978ea1d90c68951afdbc862c8,015b50d6513e15362a5de4de42e9aa6478edccccce55c1d932e9b2fe6c8def8b
kde-baseapps-4.10.3.tar.xz,https://download.kde.org/stable/4.10.3/src/kde-baseapps-4.10.3.tar.xz,9db447a2ef7e944de430b6eb60fcde1a,fd2f9a24888dc37b04ec5ec073571c91944a0d0b655c842e7d1744bfe17358dc
kde-runtime-4.10.3.tar.xz,https://download.kde.org/stable/4.10.3/src/kde-runtime-4.10.3.tar.xz,d4b839dd343cf6eb995071b685a05467,361d3aa8fc05c70a02c9010b1496901a88bd5d359e370875040ab8ea37f4f205
kde-workspace-4.10.3.tar.xz,https://download.kde.org/stable/4.10.3/src/kde-workspace-4.10.3.tar.xz,eee6f7ac3bcd6042d594c4d73dc8daef,d870db2f39dcec6d4c11ccaef53d24978c1249a9426814414a90456d9cfce49d
kdeadmin-4.10.3.tar.xz,https://download.kde.org/stable/4.10.3/src/kdeadmin-4.10.3.tar.xz,3f6352cb946a48f9ea681c0048fb691a,fc6cbd41751968ad201e56004173fb37b49cec06b9621efe93b86e2e6c1c09c7
kdelibs-4.10.3.tar.xz,https://download.kde.org/stable/4.10.3/src/kdelibs-4.10.3.tar.xz,190db40af4b9534515a62c327e6f4976,5fbde0b372e6c2054ee3c620f3e465b452d2bf90a0c6ab3cc98d153e3a572cef
kdepim-4.10.3.tar.xz,https://download.kde.org/stable/4.10.3/src/kdepim-4.10.3.tar.xz,65b24e7b2afefb97721600884c5e06e2,72ba489c70d1493b16a27ac248776e3e2e128a0934ee54da9cfdbd7622b6dfd7
kdepim-runtime-4.10.3.tar.xz,https://download.kde.org/stable/4.10.3/src/kdepim-runtime-4.10.3.tar.xz,6358d063ab2541eed3ac61055ff1a3f3,4b6e0e43af3091d9487f86527ef346e50a257f565fbac48a7ada055292cb9d05
kdepimlibs-4.10.3.tar.xz,https://download.kde.org/stable/4.10.3/src/kdepimlibs-4.10.3.tar.xz,994ff6687038cfda8fd481e0a550299a,784b685ba3f6f9685fe2389062e3ea0e9e869d290e09dccd5185ce9d01def864
kdeplasma-addons-4.10.3.tar.xz,https://download.kde.org/stable/4.10.3/src/kdeplasma-addons-4.10.3.tar.xz,9880207d971c2fc7c43a478df4eec976,0a8bc8f35cbc13f866124f960a241dd788b0e2a65c69483ee0dc5e851aec39e8
keybinder-0.3.0.tar.gz,https://github.com/kupferlauncher/keybinder/archive/refs/tags/v0.3.0.tar.gz,2cbb2672dfd9a97291d12fe01a0213d9,8e8d77386b9e29556fab097c31aec643d36a33d201733b7b999179abcba7774e
keyutils-1.5.5.tar.bz2,https://people.redhat.com/~dhowells/keyutils/keyutils-1.5.5.tar.bz2,d759680b2f23c99af95938f5026f25fb,8fab781fb2d1450b2112a7fbfe6629522ae5a6b901f875a74a201012025a3fc5
kmix-4.10.3.tar.xz,https://download.kde.org/stable/4.10.3/src/kmix-4.10.3.tar.xz,f2f6371b7b61192cca1c7ce8ab1f10ab,fa6ed6d94542ed7849b29f7de89729f68b9db972b80b391dabef69a6a9b47562
konsole-4.10.3.tar.xz,https://download.kde.org/stable/4.10.3/src/konsole-4.10.3.tar.xz,d7d53a53c6c1d830dd6637aac59510e7,66e88d86e4986e50036c3e610a1d3a5412f710b6feae31e383552d6c2b158fcd
krb-5-1.11.3-signed.tar,https://web.mit.edu/kerberos/www/dist/krb5/1.11/krb5-1.11.3-signed.tar,56f0ae274b285320b8a597cb89442449,9abd94bb94a70996da0f8d90408957154bb543271b097e86c63eb33e5f5751b5
krb4-1.2.2.tar.gz,http://ftp.pdc.kth.se/pub/krb/src/krb4-1.2.2.tar.gz,e91fae1622a30a4e033092ef39c2b6b9,3b500fa13d2685512efa37fce510c3d55ba6ecb964ebb06bc9f1649d48aac155
lame-3.99.5.tar.gz,https://downloads.sourceforge.net/lame/lame-3.99.5.tar.gz,84835b313d4a8b68f5349816d33e07ce,24346b4158e4af3bd9f2e194bb23eb473c75fb7377011523353196b19b9a23ff
lasem-0.4.1.tar.xz,https://download.gnome.org/sources/lasem/0.4/lasem-0.4.1.tar.xz,05f24217fbd83504a3d867e6d71909ed,20dfdb964eaf88407fb705499b7bc7d944bc7301369e8792263fb0b31b8fbcc3
lcms-1.19.tar.gz,https://downloads.sourceforge.net/lcms/lcms-1.19.tar.gz,8af94611baf20d9646c7c2c285859818,80ae32cb9f568af4dc7ee4d3c05a4c31fc513fc3e31730fed0ce7378237273a9
lcms2-2.5.tar.gz,https://downloads.sourceforge.net/lcms/lcms2-2.5.tar.gz,396d106600251441ff195fcaa277d10b,6727772b44470a2111dba53b9ce4c952b87e7d1b72a31c5ebdf44ba6eb0aa72b
ldns-1.6.16.tar.gz,https://www.nlnetlabs.nl/downloads/ldns/ldns-1.6.16.tar.gz,9ab2b402127cf24dffefaacbb727cad7,24b2f9cb05797170f2021ef0e0372d4b5225ee4199f0568a15589b5c524df695
lensfun-0.2.7.tar.gz,https://sourceforge.net/projects/lensfun/files/0.2.7/lensfun-0.2.7.tar.gz,327a194f418c6ddfa924d5aa7a6dc87c,ebd05b5f804d45bb07e01c70f33900fe8dfda05c1c00cb1e804a864b3ddd84dd
lesstif-0.95.2.tar.bz2,https://sourceforge.net/projects/lesstif/files/lesstif/0.95.2/lesstif-0.95.2.tar.bz2,754187dbac09fcf5d18296437e72a32f,eb4aa38858c29a4a3bcf605cfe7d91ca41f4522d78d770f69721e6e3a4ecf7e3
libaacplus-1.1.0.tar.gz,https://tipok.org.ua/downloads/media/aacplus/libaacplus/libaacplus-1.1.0.tar.gz,613874737c0655a9a5d47ff89b2fec6c,7ceb90d47d4de73193cd618be5e47870cc1732b8c9b51b32282ccfb47a5dc527
libaacplus-2.0.2.tar.gz,https://tipok.org.ua/downloads/media/aacplus/libaacplus/libaacplus-2.0.2.tar.gz,3fc15d5aa91d0e8b8f94acb6555103da,60dceb64d4ecf0be8d21661d5af2f214710f9d5b6ab389a5bdebf746baa7e1d7
libAfterImage-1.20.tar.bz2,https://sourceforge.net/projects/afterstep/files/libAfterImage/1.20/libAfterImage-1.20.tar.bz2,17a0ab8a2e6b253f222934418705963e,6e233253f4d1dd22dfce9f9a245cc036d814fc99ba7f6732f4e345de62cfe458
libao-1.1.0.tar.gz,https://downloads.xiph.org/releases/ao/libao-1.1.0.tar.gz,2b2508c29bc97e4dc218fa162cf883c8,29de5bb9b1726ba890455ef7e562d877df87811febb0d99ee69164b88c171bd4
libarchive-3.1.2.tar.gz,https://www.libarchive.org/downloads/libarchive-3.1.2.tar.gz,efad5a503f66329bb9d2f4308b5de98a,eb87eacd8fe49e8d90c8fdc189813023ccc319c5e752b01fb6ad0cc7b2c53d5e
libart_lgpl-2.3.21.tar.bz2,https://ftp.gnome.org/pub/gnome/sources/libart_lgpl/2.3/libart_lgpl-2.3.21.tar.bz2,08559ff3c67fd95d57b0c5e91a6b4302,fdc11e74c10fc9ffe4188537e2b370c0abacca7d89021d4d303afdf7fd7476fa
libass-0.10.1.tar.xz,https://storage.googleapis.com/google-code-archive-downloads/v2/code.google.com/libass/libass-0.10.1.tar.xz,0f54b1f3a24fa897ebbbcc5bc744b32a,fbf287ac6d0dbdf015783b7354280ad8371c106326ad3f77a99471bc5aa18210
libassuan-2.1.1.tar.bz2,https://www.gnupg.org/ftp/gcrypt/libassuan/libassuan-2.1.1.tar.bz2,757243cc4a71b30ed8d8dbe784035d36,23e2d67779b88e90d29fe1df6b157109f1c2a647d0f1b2a0f4295bb3c0b2039d
libasyncns-0.8.tar.gz,http://0pointer.de/lennart/projects/libasyncns/libasyncns-0.8.tar.gz,1f553d6ce1ad255bc83b3d8e9384f515,4f1a66e746cbe54ff3c2fbada5843df4fbbbe7481d80be003e8d11161935ab74
libatasmart-0.19.tar.xz,https://0pointer.de/public/libatasmart-0.19.tar.xz,53afe2b155c36f658e121fe6def33e77,61f0ea345f63d28ab2ff0dc352c22271661b66bf09642db3a4049ac9dbdb0f8d
libatomic_ops-7.2d.tar.gz,https://ftp.ludd.ltu.se/mirrors/blfs/conglomeration/libatomic/libatomic_ops-7.2d.tar.gz,e6997db4875909e11b514cd5c3caa3cf,254c34b5a6aa7c1b9549f81b0891ffb776e9fb87297d01f6682abad98ec42487
libavc1394-0.5.3.tar.gz,https://sourceforge.net/projects/libavc1394/files/libavc1394/0.5.3/libavc1394-0.5.3.tar.gz,09e30b1fb5ae455b6d8407e457a711a3,23c96822df4edc90e3da0f19b69d31fbf7c28d1aba393be387340a71460424a6
libbinio-1.4.tar.bz2,https://sourceforge.net/projects/libbinio/files/libbinio/1.4/libbinio-1.4.tar.bz2,517ded8c7ce9b3de0f84b1db74a2ebda,4a32d3154517510a3fe4f2dc95e378dcc818a4a921fc0cb992bdc0d416a77e75
libbluray-0.3.0.tar.bz2,https://download.videolan.org/pub/videolan/libbluray/0.3.0/libbluray-0.3.0.tar.bz2,d04a2af21fa154237ea2c693cf05e0ac,dc73ad618052ddd2d72bb847c8e5b9a1c9175db7b18d0456b21f484836c30038
libbs2b-3.1.0.tar.bz2,https://sourceforge.net/projects/bs2b/files/libbs2b/3.1.0/libbs2b-3.1.0.tar.bz2,c1486531d9e23cf34a1892ec8d8bfc06,4799974becdeeedf0db00115bc63f60ea3fe4b25f1dfdb6903505839a720e46f
libburn-1.3.0.tar.gz,https://files.libburnia-project.org/releases/libburn-1.3.0.tar.gz,c06bfec410ef461a994b9a75b2620561,c0005515e25b960890d8ab6e3bcc0f6d0b258e164fad6c0aade996f1906e40ba
libcaca-0.99.beta18.tar.gz,http://caca.zoy.org/raw-attachment/wiki/libcaca/libcaca-0.99.beta18.tar.gz,93d35dbdb0527d4c94df3e9a02e865cc,77ea06633f4a6022dccd4f76c1823e167a40cb05308fc1c7ea0fa1f80f6c33a1
libcanberra-0.30.tar.xz,https://0pointer.de/lennart/projects/libcanberra/libcanberra-0.30.tar.xz,34cb7e4430afaf6f447c4ebdb9b42072,c2b671e67e0c288a69fc33dc1b6f1b534d07882c2aceed37004bf48c601afa72
libcap-ng_0.6.6.orig.tar.gz,https://archive.debian.org/debian-archive/debian/pool/main/libc/libcap-ng/libcap-ng_0.6.6.orig.tar.gz,eb71f967cecb44b4342baac98ef8cb0f,89589a29a6b19068edd650dd4f626c10e84bfe63eacae7b1fd1f98f3ac8ea00d
libcap2-2.22.tar.gz,https://archive.debian.org/debian-archive/debian/pool/main/libc/libcap2/libcap2_2.22.orig.tar.gz,b4896816b626bea445f0b3849bdd4077,e1cae65d8febf2579be37c255d2e058715785ead481a4e6a4357a06aff84721f
libcdaudio-0.99.12p2.tar.gz,https://sourceforge.net/projects/libcdaudio/files/libcdaudio/0.99.12p2/libcdaudio-0.99.12p2.tar.gz,15de3830b751818a54a42899bd3ae72c,5fdaf9af5ac4f75c0215d000b82b128fd054a582f81cc4f039a1e7fe69335ebb
libcddb-1.3.2.tar.bz2,https://sourceforge.net/projects/libcddb/files/libcddb/1.3.2/libcddb-1.3.2.tar.bz2,8bb4a6f542197e8e9648ae597cd6bc8a,35ce0ee1741ea38def304ddfe84a958901413aa829698357f0bee5bb8f0a223b
libcdio-0.90.tar.gz,https://mirrors.dotsrc.org/gnu/libcdio/libcdio-0.90.tar.gz,1b245b023fb03a58d030fd2800db3247,af7e73825cec045e7775a205924de4804fe8ce60ccd299d605234b5df233f74e
libcdio-paranoia-10.2+0.90+1.tar.gz,https://github.com/libcdio/libcdio-paranoia/archive/refs/tags/release-10.2+0.90+1.tar.gz,c7fa798f67dbd84431e9e424a08b27c3,d9ed4154f9f64be473c17d2d5703afe8b4f5b6f34e7ddf4c8071396d67138b5c
libchamplain-0.12.4.tar.xz,https://download.gnome.org/sources/libchamplain/0.12/libchamplain-0.12.4.tar.xz,f24348006d013b4ded2a4b1c237f6286,631ce8e91b02c596e29778d3f7c1d28013e2e40d080a88f2d9a06f8b79f9e493
libcroco-0.6.8.tar.xz,https://ftp.gnome.org/pub/gnome/sources/libcroco/0.6/libcroco-0.6.8.tar.xz,767e73c4174f75b99695d4530fd9bb80,ea6e1b858c55219cefd7109756bff5bc1a774ba7a55f7d3ccd734d6b871b8570
libcue_1.4.0.orig.tar.gz,https://archive.debian.org/debian-archive/debian/pool/main/libc/libcue/libcue_1.4.0.orig.tar.gz,cb9f289bda94f54ec0c824696e67d58a,e22fce291514be16015b5d128867d27e2b3f00c54cb707e9328882ace8d86e3b
libdaemon-0.14.tar.gz,https://0pointer.de/lennart/projects/libdaemon/libdaemon-0.14.tar.gz,509dc27107c21bcd9fbf2f95f5669563,fd23eb5f6f986dcc7e708307355ba3289abe03cc381fc47a80bca4a50aa6b834
libdbusmenu-qt-0.9.2.tar.bz2,https://launchpad.net/libdbusmenu-qt/trunk/0.9.2/+download/libdbusmenu-qt-0.9.2.tar.bz2,9a49484927669cd2ec91b3bf9ba8b79e,ae6c1cb6da3c683aefed39df3e859537a31d80caa04f3023315ff09e5e8919ec
libdc1394-1.2.2.tar.gz,https://sourceforge.net/projects/libdc1394/files/libdc1394/1.2.2/libdc1394-1.2.2.tar.gz,538d6df70dbe372284c8acad85ea9b4e,0b75bd397e50dc409b15eee612ec599624d256806842306ad3248584595c87ed
libdca-0.0.5.tar.bz2,https://download.videolan.org/pub/videolan/libdca/0.0.5/libdca-0.0.5.tar.bz2,dab6b2795c66a82a6fcd4f8343343021,dba022e022109a5bacbe122d50917769ff27b64a7bba104bd38ced8de8510642
libdiscid-0.5.2.tar.gz,https://ftp.musicbrainz.org/pub/musicbrainz/libdiscid/libdiscid-0.5.2.tar.gz,ce5141be6082cf2f8a31f624ce8510c9,73358a270c5f361a6c8775a408b756691b189203f5af570559203c4f022a7be1
libdrm-2.4.46.tar.bz2,https://dri.freedesktop.org/libdrm/libdrm-2.4.46.tar.bz2,9cba217fd3daa10b1d052ec60d3aa7d5,33cf320dad4e8060768714792e12643ddf6756a719d262ba7d60b39c2b2650f1
libdv-1.0.0.tar.gz,https://downloads.sourceforge.net/libdv/libdv-1.0.0.tar.gz,f895162161cfa4bb4a94c070a7caa6c7,a305734033a9c25541a59e8dd1c254409953269ea7c710c39e540bd8853389ba
libdvbpsi-1.1.0.tar.bz2,https://download.videolan.org/pub/libdvbpsi/1.1.0/libdvbpsi-1.1.0.tar.bz2,1f84f9d1de08e15f94e6ff9957278064,c02ca4a9159b540955ddb8183f08292a94bdf6b95800161e9e8eff777e552380
libdvdcss-1.2.13.tar.bz2,https://www.videolan.org/pub/libdvdcss/1.2.13/libdvdcss-1.2.13.tar.bz2,53cfc52a60a156763c425572e5179273,84f1bba6cfef1df87f774fceaefc8e73c4cda32e8f6700b224ad0acb5511ba2c
libdvdnav-4.2.0.tar.bz2,http://dvdnav.mplayerhq.hu/releases/libdvdnav-4.2.0.tar.bz2,53be8903f9802e101929a3451203bbf6,8c971b08276c89ddcecd26fc44204460fd250dc57346f03476d3077188c47550
libdvdread-4.2.0.tar.bz2,http://dvdnav.mplayerhq.hu/releases/libdvdread-4.2.0.tar.bz2,ab7a19d3ab1a437ae754ef477d6231a4,0bea15da842a4b04a482b009d72dcc6d9c9524ccc1bf67e5748319ec5ada8097
libebml-1.3.0.tar.bz2,https://dl.matroska.org/downloads/libebml/libebml-1.3.0.tar.bz2,efec729bf5a51e649e1d9d1f61c0ae7a,83b074d6b62715aa0080406ea84d33df2e44b5d874096640233a4db49b8096de
libedit-20130712-3.1.tar.gz,https://web.archive.org/web/20140111221747/https://www.thrysoee.dk/editline/libedit-20130712-3.1.tar.gz,0891336c697362727a1fa7e60c5cb96c,5d9b1a9dd66f1fe28bbd98e4d8ed1a22d8da0d08d902407dcc4a0702c8d88a37
libesmtp-1.0.6.tar.bz2,https://ftp.ludd.ltu.se/mirrors/blfs/conglomeration/libesmtp/libesmtp-1.0.6.tar.bz2,bf3915e627fd8f35524a8fdfeed979c8,d0a61a5c52d99fa7ce7d00ed0a07e341dbda67101dbed1ab0cdae3f37db4eb0b
libevent-2.0.21-stable.tar.gz,https://ftp.ludd.ltu.se/mirrors/blfs/conglomeration/libevent/libevent-2.0.21-stable.tar.gz,b2405cc9ebf264aa47ff615d9de527a2,22a530a8a5ba1cb9c080cba033206b17dacd21437762155c6d30ee6469f574f5
libexif-0.6.21.tar.bz2,https://downloads.sourceforge.net/libexif/libexif-0.6.21.tar.bz2,27339b89850f28c8f1c237f233e05b27,16cdaeb62eb3e6dfab2435f7d7bccd2f37438d21c5218ec4e58efa9157d4d41a
libfame-0.9.1.tar.gz,https://sourceforge.net/projects/fame/files/libfame/0.9.1/libfame-0.9.1.tar.gz,880085761e17a3b4fc41f4f6f198fd3b,7b2c5b883db98e99476ae07bbf4f3aa91615e74a4d7fc918cb79154dd4fc08e1
libffi-3.0.13.tar.gz,https://sourceware.org/pub/libffi/libffi-3.0.13.tar.gz,45f3b6dbc9ee7c7dfbbbc5feba571529,1dddde1400c3bcb7749d398071af88c3e4754058d2d4c0b3696c2f82dc5cf11c
libgadu_1.11.2.orig.tar.gz,https://archive.debian.org/debian-archive/debian/pool/main/libg/libgadu/libgadu_1.11.2.orig.tar.gz,954cb32aa59e590c27c52a8baf03f094,9b8fe851e17df1585acd384d1a8a56750d9ebdf784bc3d2ef2c2dbf106c15ff9
libgcrypt-1.5.3.tar.bz2,https://www.gnupg.org/ftp/gcrypt/libgcrypt/libgcrypt-1.5.3.tar.bz2,993159b2924ae7b0e4eaff0743c2db35,bcf5334e7da352c45de6aec5d2084ce9a1d30029ff4a4a5da13f1848874759d1
libgda-5.1.2.tar.xz,https://download.gnome.org/sources/libgda/5.1/libgda-5.1.2.tar.xz,2005c1b024fc9c8f7dd4d3d48936b0c1,59c4416a151297a406091fcfe7af781ea88af3381d10b365ba73b1eb8e23b6c5
libgee-0.6.8.tar.xz,https://ftp.gnome.org/pub/gnome/sources/libgee/0.6/libgee-0.6.8.tar.xz,2688c24f9a12e7616ee808f9092d0afe,a61f8d796173d41f6144a030d4bd22461f0bb3fa18a3ebe02341b315feebf5d3
libglade-2.6.4.tar.bz2,https://ftp.gnome.org/pub/gnome/sources/libglade/2.6/libglade-2.6.4.tar.bz2,d1776b40f4e166b5e9c107f1c8fe4139,64361e7647839d36ed8336d992fd210d3e8139882269bed47dc4674980165dec
libglademm-2.6.7.tar.bz2,https://download.gnome.org/sources/libglademm/2.6/libglademm-2.6.7.tar.bz2,f9ca5b67f6c551ea98790ab5f21c19d0,38543c15acf727434341cc08c2b003d24f36abc22380937707fc2c5c687a2bc3
libgnome-keyring-3.8.0.tar.xz,https://ftp.gnome.org/pub/gnome/sources/libgnome-keyring/3.8/libgnome-keyring-3.8.0.tar.xz,caec6bcfac4d1fce6927c2338bdc5058,a8646f2bc62ef903be422946a6356b0718f7a4cbb29b5bdd35a84136f6b82f76
libgnomecanvasmm-2.26.0.tar.bz2,https://download.gnome.org/sources/libgnomecanvasmm/2.26/libgnomecanvasmm-2.26.0.tar.bz2,a148c99311d46397de6e4a31736771ab,996577f97f459a574919e15ba7fee6af8cda38a87a98289e9a4f54752d83e918
libgnomemm-2.30.0.tar.bz2,https://download.gnome.org/sources/libgnomemm/2.30/libgnomemm-2.30.0.tar.bz2,860f5e835cd4674393ffdd692b0c9147,2a01f068ff73a1985d050e75f899fec34ac13622e2ead43523a4e2b0875042cf
libgnomeuimm-2.28.0.tar.bz2,https://download.gnome.org/sources/libgnomeuimm/2.28/libgnomeuimm-2.28.0.tar.bz2,6c34dbe07cf9835c36f7d0b7bc38d4fb,6cb46494913f1e5e34b94a0f5b9ff8ef238bb71e3b08d0ef0ab7f4a7c88211d3
libgpg-error-1.12.tar.bz2,https://www.gnupg.org/ftp/gcrypt/libgpg-error/libgpg-error-1.12.tar.bz2,8f0eb41a344d19ac2aa9bd101dfb9ce6,cafc9ed6a87c53a35175d5a1220a96ca386696eef2fa059cc0306211f246e55f
libgphoto2-2.5.2.tar.bz2,https://sourceforge.net/projects/gphoto/files/libgphoto/2.5.2/libgphoto2-2.5.2.tar.bz2,28e0c0d449f80917fb3f79bdefbbe0ec,a32d113555bcb59e332b33ca00f28878b5a6151edb7f18735daee81d280a2838
libgpod-0.8.2.tar.bz2,https://sourceforge.net/projects/gtkpod/files/libgpod/libgpod-0.8/libgpod-0.8.2.tar.bz2,ff0fd875fa08f2a6a49dec57ce3367ab,0054e9b0060d7b923cdc1b748b6617f4dc9f1401fb6bc9368f9960537c55a092
libgsf-1.14.28.tar.xz,https://ftp.gnome.org/pub/gnome/sources/libgsf/1.14/libgsf-1.14.28.tar.xz,48cc1409951419c5e2be1a16f749adb2,ea94914f1fdaa5d4eb49149f0228ae6e41a54bdeb8caf52a7dd8acaa329fcbe4
libgsm_1.0.13.orig.tar.gz,https://archive.debian.org/debian-archive/debian/pool/main/libg/libgsm/libgsm_1.0.13.orig.tar.gz,c1ba392ce61dc4aff1c29ea4e92f6df4,52c518244d428c2e56c543b98c9135f4a76ff780c32455580b793f60a0a092ad
libgssapi-0.11.tar.gz,http://www.citi.umich.edu/projects/nfsv4/linux/libgssapi/libgssapi-0.11.tar.gz,0e5b4c7267724f8ddf64bc35514c272e,7198a9c4858d62c3e54103c37d2d6a68f96602a7fe0403022e168ed3a0ef8552
libgtop-2.28.4.tar.xz,https://ftp.gnome.org/pub/gnome/sources/libgtop/2.28/libgtop-2.28.4.tar.xz,c8aee3c9bde9033303147e993aa1b932,b6619cfd1540267ee81d456d1a26c72c793261586f1b00a7b9a7a229d0abe1d8
libguess_1.1.orig.tar.bz2,https://archive.debian.org/debian-archive/debian/pool/main/libg/libguess/libguess_1.1.orig.tar.bz2,9a17e973bc03814170b4ed03172348dc,733e4782817666f108d6e8fd5c117e36a006779e049866b6814a8bce9b4d5af7
libgusb-0.1.6.tar.xz,https://people.freedesktop.org/~hughsient/releases/libgusb-0.1.6.tar.xz,672058e7a49a38259ab6ea01470c2fa2,900103ff24a851ef8395b992236ced0aedb4c265ef2264f6ad8349300095198b
libgxps-0.2.2.tar.gz,https://github.com/GNOME/libgxps/archive/refs/tags/0.2.2.tar.gz,5bc65c5edb305c81f401ad81d27e9c5a,4e9bc042b912482916b6157579905d6d571db5b4e348204f84a1713de34b1f45
libical-1.0.tar.gz,https://downloads.sourceforge.net/freeassociation/libical-1.0.tar.gz,4438c31d00ec434f02867a267a92f8a1,7c39b3448e4927a2de2775d853f52b3aaeb42400970a3db0b01a78987e6ec0b7
libid3tag-0.15.1b.tar.gz,https://sourceforge.net/projects/mad/files/libid3tag/0.15.1b/libid3tag-0.15.1b.tar.gz,e5808ad997ba32c498803822078748c3,63da4f6e7997278f8a3fef4c6a372d342f705051d1eeb6a46a86b03610e26151
libIDL-0.8.14.tar.bz2,https://ftp.gnome.org/pub/gnome/sources/libIDL/0.8/libIDL-0.8.14.tar.bz2,bb8e10a218fac793a52d404d14adedcb,c5d24d8c096546353fbc7cedf208392d5a02afe9d56ebcc1cccb258d7c4d2220
libidn-1.28.tar.gz,https://ftp.gnu.org/gnu/libidn/libidn-1.28.tar.gz,43a6f14b16559e10a492acc65c4b0acc,dd357a968449abc97c7e5fa088a4a384de57cb36564f9d4e0d898ecc6373abfb
libiec61883-1.0.0.tar.gz,https://sourceforge.net/projects/libraw1394/files/libiec61883/libiec61883%201.0.0/libiec61883-1.0.0.tar.gz,7f531c1599bfe8f385a2cb4e56e9d93b,51bf1e72a68f5af248f9aa1691955e09901356bcd9ef304d9e874b5cf4db4c95
libieee1284-0.2.11.tar.bz2,https://sourceforge.net/projects/libieee1284/files/libieee1284/0.2.11/libieee1284-0.2.11.tar.bz2,b8fff9f3d121531bc17430e3f4ea6ed0,7730de107782e5d2b071bdcb5b06a44da74856f00ef4a9be85d1ba4806a38f1a
libilbc-1.1.1.tar.gz,https://github.com/TimothyGu/libilbc/archive/refs/tags/upstream/1.1.1.tar.gz,64929385fbd8a1b3bfb9cf116f1766db,6012af6f5670b082a6515cf185301a76a273f5d898fd144fd2d1e5c1aec27499
libimobiledevice-1.1.5.tar.gz,https://github.com/libimobiledevice/libimobiledevice/archive/refs/tags/1.1.5.tar.gz,593a1ff22e7356d8f9c7ab1de8e8404b,3ffcfe56d90c60edf7550425fdd718577221212669fddf3c553ba74ac08a6403
libiodbc-3.52.8.tar.gz,https://downloads.sourceforge.net/project/iodbc/iodbc/3.52.8/libiodbc-3.52.8.tar.gz,9889f95f632f10895ff53b8a22162810,18165501fbdb5ab8c445d07365907b77c0c20887aecf37ed2b88aacd9c59129a
libiptcdata-1.0.4.tar.gz,https://prdownloads.sourceforge.net/libiptcdata/libiptcdata-1.0.4.tar.gz,af886556ecb129b694f2d365d03d95a8,79f63b8ce71ee45cefd34efbb66e39a22101443f4060809b8fc29c5eebdcee0e
libisoburn-1.3.0.tar.gz,https://files.libburnia-project.org/releases/libisoburn-1.3.0.tar.gz,1341e87e385cb559ee1cd2605e372dec,f90128ed2d6b3771a0f5e869eea351a0dc11eed3e82e823f3323924cf85aea7d
libisofs-1.3.0.tar.gz,https://files.libburnia-project.org/releases/libisofs-1.3.0.tar.gz,5ab9f4a57d3c815d1183cbf49ce86a9e,6a4b84b9faf3c017725ee8edf4461a0dc325d25a272f884244dea94b19191f91
libjpeg-turbo-1.3.0.tar.gz,https://downloads.sourceforge.net/libjpeg-turbo/libjpeg-turbo-1.3.0.tar.gz,e1e65cc711a1ade1322c06ad4a647741,2657008cfc08aadbaca065bd9f8964b8a2c0abd03e73da5b5f09c1216be31234
libkate-0.4.1.tar.gz,https://storage.googleapis.com/google-code-archive-downloads/v2/code.google.com/libkate/libkate-0.4.1.tar.gz,1dfdbdeb2fa5d07063cf5b8261111fca,c40e81d5866c3d4bf744e76ce0068d8f388f0e25f7e258ce0c8e76d7adc87b68
libkcddb-4.10.3.tar.xz,https://download.kde.org/stable/4.10.3/src/libkcddb-4.10.3.tar.xz,042bba982db2be4925e8e119f30c7e89,e7d90d8e092dbe900edf56044e7c5c1541e1adc5c447b2ec15989a99ced14627
libkexiv2-4.10.3.tar.xz,https://download.kde.org/stable/4.10.3/src/libkexiv2-4.10.3.tar.xz,a43a132e0ec3fb953779ea54e9ced498,a3d619b4d077d35097e5d64a7c04da803ef1c993acb800296d8997567ab357ea
libkgapi-2.0.1.tar.gz,https://github.com/KDE/libkgapi/archive/refs/tags/v2.0.1.tar.gz,cffea55bb936d0e73277a70782c4c1d2,7e329c6cd85ed23f11ba546fd9c7162845d054ddfb825a6bec362c21e9ea4e2e
libksba-1.3.0.tar.bz2,https://www.gnupg.org/ftp/gcrypt/libksba/libksba-1.3.0.tar.bz2,cd86fad9c9d360b2cf80449f8a4a4075,5a61eed50550d4d0dcb47457ce7b6a90f8e719d42a3b25f7e79333e8cd721971
libLASi-1.1.1.tar.gz,https://sourceforge.net/projects/lasi/files/lasi/1.1.1%20Source/libLASi-1.1.1.tar.gz,bc5161b1d820db3dbcea24ce1c2ed5ec,175964cb4fec347737899f9fa0b8d7441864ae20f439e013432d9b9072ab3723
liblastfm-0.3.3.tar.gz,https://sourceforge.net/projects/liblastfm/files/liblastfm-0.3.3.tar.gz,047f32e09e3e74cfbca359aeb8498b01,b7388a85990c442c6e8c8600b915abb25741b443d535ac756d4c8dcd10ec69c0
liblinear-193.tar.gz,https://github.com/cjlin1/liblinear/archive/refs/tags/v193.tar.gz,4a85ea4a8a2d6e3e5f04689f06db7283,a36ff36d711f4fad5aaba55b79c5ed5e6674054509e722d6048c9b8c2487c443
libmad-0.15.1b.tar.gz,https://downloads.sourceforge.net/mad/libmad-0.15.1b.tar.gz,1be543bc30c56fb6bea1d7bf6a64e66c,bbfac3ed6bfbc2823d3775ebb931087371e142bb0e9bb1bee51a76a6e0078690
libmatroska-1.4.0.tar.bz2,https://dl.matroska.org/downloads/libmatroska/libmatroska-1.4.0.tar.bz2,5b83155019589b04a49f9db923b5bf74,1b6d02e75cdbfb6d282dcf2a902a259c3075404885d5e8063e6652a2b3f6c11b
libmcrypt-2.5.8.tar.bz2,https://sourceforge.net/projects/mcrypt/files/Libmcrypt/2.5.8/libmcrypt-2.5.8.tar.bz2,c4f491dd411a09e9de3b8702ea6f73eb,bf2f1671f44af88e66477db0982d5ecb5116a5c767b0a0d68acb34499d41b793
libmetalink-0.1.2.tar.bz2,https://launchpad.net/libmetalink/trunk/packagingfix/+download/libmetalink-0.1.2.tar.bz2,e60ea56d910ebfe4c303808db497e92a,cbed9121bf550ef14a434d6ed3d8806ded7a339db16b698cfa2f39fdc3d48bf6
libmimic-1.0.4.tar.gz,https://sourceforge.net/projects/farsight/files/libmimic/libmimic-1.0.4/libmimic-1.0.4.tar.gz,94f0dbb1d3c253201553a4069555fb84,bd7b9bd52ee7bf25df46f6d3d0ed896d212fc3d96907ac1b01d3d126a48bbb34
libmms-0.6.2.tar.gz,https://sourceforge.net/projects/libmms/files/libmms/0.6.2/libmms-0.6.2.tar.gz,9f63aa363deb4874e072a45850161bff,01931b62172d7d7050fc9ef9b1b64162f3b6e9f6cc4415170192a32a0b7ea432
libmng-1.0.10.tar.bz2,https://downloads.sourceforge.net/libmng/libmng-1.0.10.tar.bz2,eaf1476a3bb29f6190bca660e6abef16,7b1477816c54b4d8ee0690c583982637910a1801ece0b0831e03fd07882e8118
libmodplug-0.8.8.4.tar.gz,https://sourceforge.net/projects/modplug-xmms/files/libmodplug/0.8.8.4/libmodplug-0.8.8.4.tar.gz,fddc3c704c5489de2a3cf0fedfec59db,5c5ee13dddbed144be26276e5f102da17ff5b1c992f3100389983082da2264f7
libmpcdec-1.2.6.tar.bz2,https://files.musepack.net/source/libmpcdec-1.2.6.tar.bz2,7f7a060e83b4278acf4b77d7a7b9d2c0,4bd54929a80850754f27b568d7891e1e3e1b8d2f208d371f27d1fda09e6f12a8
libmpeg2-0.5.1.tar.gz,https://ftp.ludd.ltu.se/mirrors/blfs/conglomeration/libmpeg2/libmpeg2-0.5.1.tar.gz,0f92c7454e58379b4a5a378485bbd8ef,dee22e893cb5fc2b2b6ebd60b88478ab8556cb3b93f9a0d7ce8f3b61851871d4
libmpeg3-1.8-src.tar.bz2,https://downloads.sourceforge.net/heroines/libmpeg3-1.8-src.tar.bz2,a9d0d34e8941a4437eb8e7dfe559eca1,656f50bef752463af06c6b131f67efef30a34978499e1fdee30e97cac1dea3c4
libmtp-1.1.6.tar.gz,https://sourceforge.net/projects/libmtp/files/libmtp/1.1.6/libmtp-1.1.6.tar.gz,87835626dbcf39e62bfcdd4ae6da2063,3a1c1c83af91de4052eb54feb795c141b4c04a252e0031954ebbf6175970cb0a
libmusicbrainz-2.1.5.tar.gz,https://ftp.musicbrainz.org/pub/musicbrainz/historical/libmusicbrainz-2.1.5.tar.gz,d5e19bb77edd6ea798ce206bd05ccc5f,c6629c4bed428f9df3f89efc065b2d96f05eba36286532ebe8b8e404022371a0
libmusicbrainz-5.0.1.tar.gz,https://ftp.ludd.ltu.se/mirrors/blfs/conglomeration/libmusicbrainz/libmusicbrainz-5.0.1.tar.gz,a0406b94c341c2b52ec0fe98f57cadf3,1ca75e1c5059a3620b0d82633b1f468acc2a65fcc4305f844ec44f6fb5db82d5
libmygpo-1.0.7.tar.gz,https://github.com/gpodder/libmygpo-qt/archive/refs/tags/1.0.7.tar.gz,63258c737bc04f211c71a264a358e90e,43b9c00ae2c206ac64cf725918024b3d0927bbde880196a016f2ee329bac50fd
libnfsidmap_0.25.orig.tar.bz2,https://archive.debian.org/debian-archive/debian/pool/main/libn/libnfsidmap/libnfsidmap_0.25.orig.tar.bz2,ba72afdebe9fcd2811b53e780b3a9e47,2c7ac6ce8de7c94cff75708b0a9a40f6a1cb7813eece553e37eef605612f4204
libnfsidmap-0.25.tar.gz,http://www.citi.umich.edu/projects/nfsv4/linux/libnfsidmap/libnfsidmap-0.25.tar.gz,2ac4893c92716add1a1447ae01df77ab,656d245d84400e1030f8f40a5a27da76370690c4a932baf249110f047fe7efcf
libnice-0.1.4.tar.gz,https://nice.freedesktop.org/releases/libnice-0.1.4.tar.gz,315c457b092980a4a9a0bea9f0723cce,44e517de9c01203158f2a3d59f058706299a4ae41dfe1a7eeb72c290fcc8bf57
libnl-3.2.22.tar.gz,https://www.infradead.org/~tgr/libnl/files/libnl-3.2.22.tar.gz,2e1c889494d274aca24ce5f6a748e66e,c7c5f267dfeae0c1a530bf96b71fb7c8dbbb07d54beef49b6712d8d6166f629b
libnotify-0.7.5.tar.xz,https://ftp.gnome.org/pub/gnome/sources/libnotify/0.7/libnotify-0.7.5.tar.xz,8e9f8bd26517bc197ab1df748df289a9,4378cb47874ba4d5f759b7890d8d28d086e81d3f0bd4f6e84e5ab66d82ffb652
libofa-0.9.3.tar.gz,https://storage.googleapis.com/google-code-archive-downloads/v2/code.google.com/musicip-libofa/libofa-0.9.3.tar.gz,51507d2c4b432bd2755f48d58471696e,0216466153e92058c5202dea03390ddc7601d916b983f71ce4f4d034405590a0
libogg-1.3.1.tar.xz,https://downloads.xiph.org/releases/ogg/libogg-1.3.1.tar.xz,ca25d8da0ddfc8c6cbbf78d847a209fe,3a5bad78d81afb78908326d11761c0fb1a0662ee7150b6ad587cc586838cdcfa
libopenraw-0.0.9.tar.bz2,https://libopenraw.freedesktop.org/download/libopenraw-0.0.9.tar.bz2,3611d8aea870d25314665ef53093288e,49fd1adf0a0228c7a17a79bf98d8d03664195feae1e50f4ddd1b20162626e18f
libpaper_1.1.24.tar.gz,https://archive.debian.org/debian-archive/debian/pool/main/libp/libpaper/libpaper_1.1.24.tar.gz,5bc87d494ba470aba54f6d2d51471834,38ac28114673d4b175a939d981e0477a0ed9bcaab27033522ecb2ca78ee90c7e
libpcap-1.4.0.tar.gz,https://www.tcpdump.org/release/libpcap-1.4.0.tar.gz,56e88a5aabdd1e04414985ac24f7e76c,7c6a2a4f71e8ab09804e6b4fb3aff998c5583108ac42c0e2967eee8e1dbc7406
libpeas-1.8.1.tar.xz,https://ftp.gnome.org/pub/gnome/sources/libpeas/1.8/libpeas-1.8.1.tar.xz,f63d49ab7f72e1ab9eb398c1f0750790,ff0e7cd1f0da5dc1289efdd4662a06188f8f0fb088eac67abe05ffa66ba7751d
libpng-1.6.3-apng.patch.gz,https://downloads.sourceforge.net/libpng-apng/libpng-1.6.3-apng.patch.gz,57007fc121baa2cdc48abcfb26300e78,5dd35a6610027708f84ee8bef8bbccd40b5a23b5ec6340df3b4cc8f59859563a
libpng-1.6.3.tar.xz,https://downloads.sourceforge.net/libpng/libpng-1.6.3.tar.xz,9307f8ab04f4be3c1889ffb504f0fe5c,c5ecc0d38663b944a828145ed59cf15dfbad2217512875bc05ecf9b92afa0f45
libproxy-0.4.11.tar.gz,https://storage.googleapis.com/google-code-archive-downloads/v2/code.google.com/libproxy/libproxy-0.4.11.tar.gz,3cd1ae2a4abecf44b3f24d6639d2cd84,dc3f33de54163718f82b3e7c496a7de97f8862578414b8ecaad3cbfe4821864b
libqalculate-0.9.7.tar.gz,https://sourceforge.net/projects/qalculate/files/libqalculate/libqalculate-0.9.7/libqalculate-0.9.7.tar.gz,a1507ab862f4ad9852788619aada35cd,9a6d97ce3339d104358294242c3ecd5e312446721e93499ff70acc1604607955
libquicktime-1.2.4.tar.gz,https://downloads.sourceforge.net/libquicktime/libquicktime-1.2.4.tar.gz,81cfcebad9b7ee7e7cfbefc861d6d61b,1c53359c33b31347b4d7b00d3611463fe5e942cae3ec0fefe0d2fd413fd47368
libquvi-0.9.2.tar.xz,https://sourceforge.net/projects/quvi/files/0.9/libquvi/libquvi-0.9.2.tar.xz,6474cdcce8b4d0d6ed86617313cd1cdf,30f567e805641e582df9219db6ef3e642989b29c10ece0cbd58b002ad14c89a2
libqzeitgeist-0.8.0.tar.bz2,https://mirrors.mit.edu/kde/Attic/libqzeitgeist/0.8.0/src/libqzeitgeist-0.8.0.tar.bz2,97bdea6a1865db7d5f29c93e3a492f24,0a8aa980d64549cce93691705807681fd7e3e079a48aee68fc4b2653f17d61ad
libraw1394-1.2.0.tar.gz,https://sourceforge.net/projects/libraw1394/files/libraw1394/1.2.0/libraw1394-1.2.0.tar.gz,eea394f74afecd6a22f74110128c9fb6,1fdcfa4c5a0938705b925d06f17da9be6ec3f8f065040bb7f33082ef3fc63fad
libreoffice-4.1.0.4.tar.xz,https://download.documentfoundation.org/libreoffice/src/4.1.0/libreoffice-4.1.0.4.tar.xz,5311656e1b54eadd4b93f948dfd5e68e,8e42a149f37043f8a2e4456779324745621683c759bb451fcd69539f219d8075
libreoffice-dictionaries-4.1.0.4.tar.xz,https://download.documentfoundation.org/libreoffice/src/4.1.0/libreoffice-dictionaries-4.1.0.4.tar.xz,2bbe7adab2b9bc0042c72ba60c30acc4,a74bf5b240771eb0fbbe7b4b67804b34b40ee5f56f2a73874a41943648a824de
libreoffice-help-4.1.0.4.tar.xz,https://download.documentfoundation.org/libreoffice/src/4.1.0/libreoffice-help-4.1.0.4.tar.xz,e2cd3b63e3050771a1330fc98e41a701,273003ceb9758ab0f4ee1952b61f787353d55e059a93ff9ca4141a5d59d5e0a0
libreoffice-translations-4.1.0.4.tar.xz,https://download.documentfoundation.org/libreoffice/src/4.1.0/libreoffice-translations-4.1.0.4.tar.xz,1f4438828cbcf83c257742482dade3ef,366dd84d06ad63ece03979a3ac2bc16e4318552ab949fc1f8648a4f4d136278a
librep-0.92.3.tar.xz,https://download.tuxfamily.org/librep/Archive/librep-0.92.3.tar.xz,c82744fb45022e8a06e488e4a7513558,45c98a5bbdfde4f1d98e3839b319d9ae15857d2d1ae8e3838d9a18d53f3e8b85
librpcsecgss_0.19.orig.tar.bz2,https://archive.debian.org/debian-archive/debian/pool/main/libr/librpcsecgss/librpcsecgss_0.19.orig.tar.bz2,137a198324ea26d4382d57b5dfbb8e14,1db3f78078e81e1163a8d1a7a09b7dfed4ccad6e697f5f28282c8b47e67d7c95
librsvg-2.37.0.tar.xz,https://ftp.gnome.org/pub/gnome/sources/librsvg/2.37/librsvg-2.37.0.tar.xz,3de91824870bf6758f37ab54bae2ac40,06c57dbcb29369d147b4e6ff4257c42ae5120c504c30fb567a27034ee30fd835
libsamplerate-0.1.8.tar.gz,http://www.mega-nerd.com/SRC/libsamplerate-0.1.8.tar.gz,1c7fb25191b4e6e3628d198a66a84f47,93b54bdf46d5e6d2354b7034395fe329c222a966790de34520702bb9642f1c06
libsecret-0.15.tar.xz,https://ftp.gnome.org/pub/gnome/sources/libsecret/0.15/libsecret-0.15.tar.xz,51093b922823a7bdb5d7e951a9f2337f,33e728b843efbe099483376ff5a3469260ee4b6ce035c7730909ac3793cb0fb8
libsectok-20030619.tar.gz,http://www.citi.umich.edu/projects/smartcard/libsectok-20030619.tar.gz,60dac935e7997f0fba3d9bc91f0e7d41,f00b216af71969d90fca089ad7f4255ccff1d985813e0b932c42ce2df82b6d15
libshout-2.3.1.tar.gz,https://web.archive.org/web/20140510041010/http://downloads.xiph.org/releases/libshout/libshout-2.3.1.tar.gz,11765b2592e7ea623ccd93d3f8df172c,cf3c5f6b4a5e3fcfbe09fb7024aa88ad4099a9945f7cb037ec06bcee7a23926e
libsidplay_1.36.59.orig.tar.gz,https://archive.debian.org/debian-archive/debian/pool/main/libs/libsidplay/libsidplay_1.36.59.orig.tar.gz,37c51ba4bd57164b1b0bb7b43b9adece,3da9b38d4eb5bf9e936b9604ba92da0594ef38047d50cf806a8e11c400008024
libsigc++-2.2.11.tar.xz,https://ftp.gnome.org/pub/gnome/sources/libsigc++/2.2/libsigc++-2.2.11.tar.xz,815d0c6d61601f51bbcaeef6826606b0,9834045f74f56752c2c6b3cdc195c30ab8314ad22dc8e626d6f67f940f1e4957
libsndfile-1.0.25.tar.gz,http://www.mega-nerd.com/libsndfile/files/libsndfile-1.0.25.tar.gz,e2b7bb637e01022c7d20f95f9c3990a2,59016dbd326abe7e2366ded5c344c853829bebfd1702ef26a07ef662d6aa4882
libsoup-2.42.2.tar.xz,https://ftp.gnome.org/pub/gnome/sources/libsoup/2.42/libsoup-2.42.2.tar.xz,7d19a84f9eecba53187f5c2ae13fd83e,1f4f9cc55ba483dc8defea0c3f97cc507dc48384c5529179e29c1e6d05630dbf
libspectre-0.2.7.tar.gz,https://libspectre.freedesktop.org/releases/libspectre-0.2.7.tar.gz,8f759c0e6cd88d68fc8149130fcbc3d3,e81b822a106beed14cf0fec70f1b890c690c2ffa150fa2eee41dc26518a6c3ec
libspiro_src-20071029.tar.bz2,https://sourceforge.net/projects/libspiro/files/libspiro/20071029/libspiro_src-20071029.tar.bz2,ab6aaa50bbd8fa55e78f8b8b0112f6cd,1efeb1527bd48f8787281e8be1d0e8ff2e584d4c1994a0bc2f6859be2ffad4cf
libssh2-1.4.3.tar.gz,https://github.com/libssh2/libssh2/archive/refs/tags/libssh2-1.4.3.tar.gz,6740b36ee41356a204fe413a83d70da8,2dc7021b41d72af7173746d0b245f9a426e541fda30756370b972e64373ef254
libtar-1.2.19.tar.gz,https://github.com/tklauser/libtar/archive/refs/tags/v1.2.19.tar.gz,364dca564bbb549a9af7f0facc8f9435,5fea7152106b1b8cda109da27f505439865dd196da94f503fab18264591ddf64
libtasn1-3.3.tar.gz,https://ftp.gnu.org/gnu/libtasn1/libtasn1-3.3.tar.gz,2bdd687f487c50a0382b99553866a6e0,92652a2cd10f63c56984b5e5cee46ecadf2292e2262fff99278f7ee46ff93ac0
libtheora-1.1.1.tar.xz,https://downloads.xiph.org/releases/theora/libtheora-1.1.1.tar.xz,9eeabf1ad65b7f41533854a59f7a716d,f36da409947aa2b3dcc6af0a8c2e3144bc19db2ed547d64e9171c59c66561c61
libtiger-0.3.4.tar.gz,https://storage.googleapis.com/google-code-archive-downloads/v2/code.google.com/libtiger/libtiger-0.3.4.tar.gz,dc1dbeb658c95485ba10b9b2897b4ae2,7342b255fb476d75b08dd4c56d5ce580f39b1c71c42e99fb7af9d999725d4166
libtirpc-0.2.3.tar.bz2,https://downloads.sourceforge.net/project/libtirpc/libtirpc/0.2.3/libtirpc-0.2.3.tar.bz2,b70e6c12a369a91e69fcc3b9feb23d61,4f29ea0491b4ca4c29f95f3c34191b857757873bbbf4b069f9dd4da01a6a923c
libungif-4.1.3.tar.bz2,https://ftp.ludd.ltu.se/mirrors/blfs/conglomeration/libungif/libungif-4.1.3.tar.bz2,8c198831cc0495596c78134b8849e9ad,59e835a57e6df03e4d2253b2357253f3d13da9473ff465563a3b9833a744fc36
libunique-1.1.6.tar.bz2,https://ftp.gnome.org/pub/gnome/sources/libunique/1.1/libunique-1.1.6.tar.bz2,7955769ef31f1bc4f83446dbb3625e6d,e5c8041cef8e33c55732f06a292381cb345db946cf792a4ae18aa5c66cdd4fbb
libunique-3.0.2.tar.xz,https://download.gnome.org/sources/libunique/3.0/libunique-3.0.2.tar.xz,a52dfbd0fee80f645b74227ade4f01ee,a8f02ce073e2b920cca8ac45d418e7cb64438ad0814780c5912c6d63f8a4e038
libunistring-0.9.3.tar.gz,https://ftp.gnu.org/gnu/libunistring/libunistring-0.9.3.tar.gz,db8eca3b64163abadf8c40e5cecc261f,610d3ec724fbdaa654afe3cff20b9f4d504be3fd296fded2e0f7f764041006a3
libunwind-1.1.tar.gz,https://download.savannah.nongnu.org/releases/libunwind/libunwind-1.1.tar.gz,fb4ea2f6fbbe45bf032cd36e586883ce,9dfe0fcae2a866de9d3942c66995e4b460230446887dbdab302d41a8aee8d09a
libusb-1.0.9.tar.bz2,https://downloads.sourceforge.net/libusb/libusb-1.0.9.tar.bz2,7f5a02375ad960d4e33a6dae7d63cfcb,e920eedc2d06b09606611c99ec7304413c6784cba6e33928e78243d323195f9b
libusb-compat-0.1.5.tar.bz2,https://downloads.sourceforge.net/libusb/libusb-compat-0.1.5.tar.bz2,2780b6a758a1e2c2943bdbf7faf740e4,404ef4b6b324be79ac1bfb3d839eac860fbc929e6acb1ef88793a6ea328bc55a
libva_1.0.15.orig.tar.bz2,https://archive.debian.org/debian-archive/debian/pool/main/libv/libva/libva_1.0.15.orig.tar.bz2,ad8a94ba87ff0563a533c3c142816794,7cc24ae9c947aa13904255244810d3637b03d41e2b6f4b643db3b97412cacd37
libva-intel-driver-1.2.0.tar.bz2,https://www.freedesktop.org/software/vaapi/releases/libva-intel-driver/libva-intel-driver-1.2.0.tar.bz2,afdd4c91ac552a14b4d0ce93b75c88bb,a6fceaa118fe5d1a6e7382ed30e6684b4059b3fedd79eb53121a80e8016c748c
libva-vdpau-driver-0.7.4.tar.bz2,https://www.freedesktop.org/software/vaapi/releases/libva-vdpau-driver/libva-vdpau-driver-0.7.4.tar.bz2,5ec6d452d2dd307434ea3d32da49c3e5,155c1982f0ac3f5435ba20b221bcaa11be212c37db548cd1f2a030ffa17e9bb9
libvdpau-0.7.tar.bz2,https://gitlab.freedesktop.org/vdpau/libvdpau/-/archive/libvdpau-0.7/libvdpau-libvdpau-0.7.tar.bz2,02e6d9697da813b9cb99cbc2fe7da27e,30cb4c2dda9e6ff4bbf1f859ac9f02253c1ceeb96d49858a3ff98d4278010d33
libvisual-0.4.0.tar.bz2,https://sourceforge.net/projects/libvisual/files/libvisual/libvisual-0.4.0/libvisual-0.4.0.tar.bz2,d0f987abd0845e725743605fd39ef73f,78f38d3ce857edde5482aa4415b504bbcd4d4a688fd4de09ec2131ad08174279
libvoikko-3.6.tar.gz,https://sourceforge.net/projects/voikko/files/libvoikko/3.6/libvoikko-3.6.tar.gz,690412f69a06a602411af8db565a1330,a156c1141a8c168b6cf75eb534188deb5611f1f7276d061db080348c3a315dec
libvorbis-1.3.3.tar.xz,https://downloads.xiph.org/releases/vorbis/libvorbis-1.3.3.tar.xz,71b649d3e08e63ece16649df906ce8b9,834c7d35a5ebf4e7b8ab60b0979f2b7f204ca66ff6829728e9d2a67f15347ebd
libvpx-v1.1.0.tar.bz2,https://ftp.ludd.ltu.se/mirrors/blfs/conglomeration/libvpx/libvpx-v1.1.0.tar.bz2,7ae163ac3196c79ec2f0904280078a45,9ce074cf4b3bcd9a49ff93e05485b71c273bfc3685a305e55a0e7fa51beb72c5
libwebp-0.3.1.tar.gz,https://ftp.ludd.ltu.se/mirrors/blfs/conglomeration/libwebp/libwebp-0.3.1.tar.gz,dc862bb4006d819b7587767a9e83d31f,b37932c625322a69fe4e9b88884b5c7aed2b3eaf9fd5e5b480aee339a92e6ee7
libwmf-0.2.8.4.tar.gz,https://sourceforge.net/projects/wvware/files/libwmf/0.2.8.4/libwmf-0.2.8.4.tar.gz,d1177739bf1ceb07f57421f0cee191e0,5b345c69220545d003ad52bfd035d5d6f4f075e65204114a9e875e84895a7cf8
libwnck-3.4.5.tar.xz,https://ftp.gnome.org/pub/gnome/sources/libwnck/3.4/libwnck-3.4.5.tar.xz,0f50bc70f37b9f3719885e93e4487d9a,560f9709405fb33500c2f79efabdb1c4056866dec281f354ad3da97181fbf381
libwpd-0.9.8.tar.xz,https://sourceforge.net/projects/libwpd/files/libwpd/libwpd-0.9.8/libwpd-0.9.8.tar.xz,eb5a32136ebcb28d1450dc6c6eed1fe5,f5d189f9a004a20d85727da2b9adc060ddb447fd53dc2482527b44ab1751df2f
libwpg-0.2.2.tar.xz,https://sourceforge.net/projects/libwpg/files/libwpg/libwpg-0.2.2/libwpg-0.2.2.tar.xz,f5c4c22e291e3313891c88b3fe6d565d,b49bfd77b9447534dee0d43bbdc48b4dcb09339605be21c01726243d5069a6cd
libwps-0.2.9.tar.xz,https://sourceforge.net/projects/libwps/files/libwps/libwps-0.2.9/libwps-0.2.9.tar.xz,95ae3908111b1ab8a3e3caed1807b5be,cf9a17a6c0452ab32cce342c1410f1620c66f9cb6f9431b82f95da7fe9730177
libXau-1.0.8.tar.bz2,https://xorg.freedesktop.org/releases/individual/lib/libXau-1.0.8.tar.bz2,685f8abbffa6d145c0f930f00703b21b,fdd477320aeb5cdd67272838722d6b7d544887dfe7de46e1e7cc0c27c2bea4f2
libxcb-1.9.1.tar.bz2,https://xcb.freedesktop.org/dist/libxcb-1.9.1.tar.bz2,ed632cb0dc31b6fbd7ea5c0f931cf5a4,d44a5ff4eb0b9569e6f7183b51fdaf6f58da90e7d6bfc36b612d7263f83e362f
libXdmcp-1.1.1.tar.bz2,https://xorg.freedesktop.org/releases/individual/lib/libXdmcp-1.1.1.tar.bz2,b94af6cef211cf3ee256f7e81f70fcd9,9ace6d4230f9dce4ed090692f82f613253ada8f887b23b3d8ff3dd4e3a7c118e
libxfce4ui-4.10.0.tar.bz2,https://archive.xfce.org/src/xfce/libxfce4ui/4.10/libxfce4ui-4.10.0.tar.bz2,6df1ce474a3d4885aee31cda9dbc9192,a2b9fa288ccb5f16fa13264e507ba3f7b8da0176da259a11239f21538c0ea3e2
libxfce4util-4.10.1.tar.bz2,https://archive.xfce.org/src/xfce/libxfce4util/4.10/libxfce4util-4.10.1.tar.bz2,11eec87e8eda2bc62512c2416cb807a1,e82cd1ad715c02a385b3cf6646cb89aa3c4724446dac1d7e424971df12f6cfbb
libxfcegui4-4.10.0.tar.bz2,https://archive.xfce.org/src/archive/libxfcegui4/4.10/libxfcegui4-4.10.0.tar.bz2,4025b9d6811f051c914cdd700d437e61,2b82f9979175d8856880c8f349e6eede491ca92fe6940c69c8958115418d4533
libxklavier-5.3.tar.xz,https://ftp.gnome.org/pub/gnome/sources/libxklavier/5.3/libxklavier-5.3.tar.xz,290ea2a8abc40f78a3a16bdae6f02808,ebec3bc54b5652838502b96223152fb1cd8fcb14ace5cb02d718fc3276bbd404
libxml2-2.9.1.tar.gz,http://xmlsoft.org/sources/libxml2-2.9.1.tar.gz,9c0cfef285d5c4a5c80d00904ddab380,fd3c64cb66f2c4ea27e934d275904d92cec494a8e8405613780cbc8a71680fdb
libXp-1.0.2.tar.bz2,https://xorg.freedesktop.org/releases/individual/lib/libXp-1.0.2.tar.bz2,bb038577c7f4e42a1b675fa6451bc4aa,952fe5b5e90abd2cf04739aef3a9b63a253cd9309ed066a82bab7ca9112fd0b5
libxslt-1.1.28.tar.gz,http://xmlsoft.org/sources/libxslt-1.1.28.tar.gz,9667bf6f9310b957254fdcf6596600b7,5fc7151a57b89c03d7b825df5a0fae0a8d5f05674c0e7cf2937ecec4d54a028c
libyajl-1.0.12.tar.gz,https://github.com/lloyd/yajl/archive/refs/tags/1.0.12.tar.gz,792672a75c3aa87a283b8714545a0bd0,5f0d297154da89f0131b71110c0e95af78b6127d6252930441fd20671bb28167
libzeitgeist-0.3.18.tar.gz,https://launchpad.net/libzeitgeist/0.3/0.3.18/+download/libzeitgeist-0.3.18.tar.gz,d63a37295d01a58086d0d4ae26e604c2,82c128d97a68600518b8e3e65ef4d5b123c57f3d5dfa977c7ff733c0fdf80f73
link-grammar_4.7.4.orig.tar.gz,https://archive.debian.org/debian-archive/debian/pool/main/l/link-grammar/link-grammar_4.7.4.orig.tar.gz,c131ab0bb420f2cc36ad8cd9eb4e92f6,f29cbdbb43784104e11f2cd04b2815ca9b4b14f4863626911e2bb202b6bc592f
links-2.7.tar.bz2,https://links.twibright.com/download/links-2.7.tar.bz2,d06aa6e14b2172d73188871a5357185a,0c182b1cbcdfd5cdcd2f75a6032d1a4b660d07c1225c1e07757cec81d3302130
Linux-PAM-1.1.6-docs.tar.bz2,https://ftp.ludd.ltu.se/mirrors/blfs/conglomeration/Linux-PAM/Linux-PAM-1.1.6-docs.tar.bz22,43d19ccf40c1feb074e29922626f4971,0244321b1c4b8a71064d984880566890cc809b1c77bdd0550f121fa7d8450497
Linux-PAM-1.1.6.tar.bz2,https://ftp.ludd.ltu.se/mirrors/blfs/conglomeration/Linux-PAM/Linux-PAM-1.1.6.tar.bz,7b73e58b7ce79ffa321d408de06db2c4,bab887d6280f47fc3963df3b95735a27a16f0f663636163ddf3acab5f1149fc2
liquid-rescale-0.4.2.tar.gz,https://github.com/carlobaldassi/liblqr/archive/refs/tags/v0.4.2.tar.gz,f7b4ecddd8a038f057e236347fd7767c,1019a2d91f3935f1f817eb204a51ec977a060d39704c6dafa183b110fd6280b0
lirc-0.9.0.tar.bz2,https://sourceforge.net/projects/lirc/files/LIRC/0.9.0/lirc-0.9.0.tar.bz2,b232aef26f23fe33ea8305d276637086,6323afae6ad498d4369675f77ec3dbb680fe661bea586aa296e67f2e2daba4ff
lirccd-0.9.1.tar.gz,https://www.dolda2000.com/~fredrik/lirccd/lirccd-0.9.1.tar.gz,1a5f65094b5738117dfde263b7f90ef2,ae9bdb0a5604d3175093af9a906afe41239b4c721b0035e83f1bc3d1347fcf24
llvm-3.3.src.tar.gz,https://llvm.org/releases/3.3/llvm-3.3.src.tar.gz,40564e1dc390f9844f1711c08b08e391,68766b1e70d05a25e2f502e997a3cb3937187a3296595cf6e0977d5cd6727578
llvm-cfe-3.3.src.tar.gz,https://llvm.org/releases/3.3/cfe-3.3.src.tar.gz,8284891e3e311829b8e44ac813d0c9ef,b1b55de4ab3a57d3e0331a83e0284610191c77d924e3446498d9113d08dfb996
llvm-compiler-rt-3.3.src.tar.gz,https://llvm.org/releases/3.3/compiler-rt-3.3.src.tar.gz,9c129ce24514467cfe492cf2fed8e2c4,0e2f3180d6316e6c43f064fdd406c5c6515e682c5f31c57c28335b68c7525423
lm_sensors-3.3.4.tar.bz2,https://ftp.ludd.ltu.se/mirrors/blfs/conglomeration/lmsensors/lm_sensors-3.3.4.tar.bz2,60cfb98ab7a8915c3ac684af5459de2e,b4608610cb5de4b24e3fe1ae357712e8633a8a929bbb42df5eecc4ccee6ba76d
loudmouth-1.4.3.tar.bz2,https://download.gnome.org/sources/loudmouth/1.4/loudmouth-1.4.3.tar.bz2,55339ca42494690c3942ee1465a96937,95a93f5d009b71ea8193d994aa11f311bc330a3efe1b7cd74dc48f11c7f929e3
lsb-1.4.tar.gz,https://sourceforge.net/projects/lsb/files/lsb_release/1.4/lsb-release-1.4.tar.gz,30537ef5a01e0ca94b7b8eb6a36bb1e4,99321288f8d62e7a1d485b7c6bdccf06766fb8ca603c6195806e4457fdf17172
lua-5.1.5.tar.gz,https://www.lua.org/ftp/lua-5.1.5.tar.gz,2e115fe26e435e33b0d5c022e4490567,2640fc56a795f29d28ef15e13c34a47e223960b0240e8cb0a82d9b0738695333
LVM2.2.02.99.tgz,https://ftp.ludd.ltu.se/mirrors/blfs/conglomeration/lvm2/LVM2.2.02.99.tgz,8600d999d04d826138d9fbb5d2d8cc34,493c9ad85bada036418671072355b2fc57fc30eb5a63fd14a7dfe8ed28dca040
lxappearance-0.5.2.tar.gz,https://sourceforge.net/projects/lxde/files/LXAppearance/lxappearance-0.5.2.tar.gz,a088c6ef08fd25df7dc3be5b07168bbe,a446aaad5572dd42845d41a20db76ca1fb1b93e3827db1bce243c9877e5996f4
lynx2.8.8dev.16.tar.bz2,https://ftp.ludd.ltu.se/mirrors/blfs/conglomeration/lynx/lynx2.8.8dev.16.tar.bz2,84b396aa285d1768095450e1db7d3555,826ddbc3fb346daf2c564103400493b9ce2c02e932f3aceaf7195b60098ba808
lzo-2.06.tar.gz,https://www.oberhumer.com/opensource/lzo/download/lzo-2.06.tar.gz,95380bd4081f85ef08c5209f4107e9f8,ff79e6f836d62d3f86ef6ce893ed65d07e638ef4d3cb952963471b4234d43e73
mailx-12.4.tar.bz2,https://downloads.sourceforge.net/heirloom/mailx-12.4.tar.bz2,0c93759e34200eb56a0e7c464680a54a,92201e769fe346bc0364c87437a330ef3c97ab3e9d7b2235b93f509e85e5716a
makedepend-1.0.5.tar.bz2,https://xorg.freedesktop.org/archive/individual/util/makedepend-1.0.5.tar.bz2,0475638eb40a3920d0d3f14482c924a4,f7a80575f3724ac3d9b19eaeab802892ece7e4b0061dd6425b4b789353e25425
mc-4.8.10.tar.xz,https://ftp.ludd.ltu.se/mirrors/blfs/conglomeration/mc/mc-4.8.10.tar.xz,3d9c3777bb5c6e656792c1ef30f483b4,5bda5a10bd0447da4b3b36c55d10fdf26e279d29fd30792467d68bdb7c2f2788
mdadm-3.2.6.tar.xz,https://www.kernel.org/pub/linux/utils/raid/mdadm/mdadm-3.2.6.tar.xz,2afc306135466923fe5020d743bff9a4,33b583fe4ba38e5236f7e29d0d3fd819af8a41b27fd6a48a37576e781a20a519
meanwhile-1.0.2.tar.gz,https://sourceforge.net/projects/meanwhile/files/meanwhile/1.0.2/meanwhile-1.0.2.tar.gz,bf4ced109a367b4c5d71fe63c043270e,38a8059eaa549cbcb45ca0a5b453e9608ceadab360db2ae14581fb22ddabdf23
media-player-info-21.tar.gz,https://www.freedesktop.org/software/media-player-info/media-player-info-21.tar.gz,23f4539c8d9a772034d94f230124d07e,eae5a41d27715c9280128ff770a491dae2e73e2ebeef41630b069ad0d4795127
Medialibrary-0.6-bin-RELEASE.tar.gz,https://sourceforge.net/projects/medialibrary/files/Medialibrary%20-%20stable/0.6/Medialibrary-0.6-bin-RELEASE.tar.gz,b0eec2bb9c4930d302e715c3e658ec28,d34f3acd3c012b3457de0c5ba0da132ed0af1c37e2a3d35db69f52daea357997
mercurial-2.7.tar.gz,https://www.mercurial-scm.org/release/mercurial-2.7.tar.gz,61093c08ca5d8d1310382d17764f0c43,f56267e254efa755202c8ed447bb6b92a1bc275d8a7c6ca3d70b471b0677bcfa
MesaLib-9.1.6.tar.bz2,https://archive.mesa3d.org/older-versions/9.x/9.1.6/MesaLib-9.1.6.tar.bz2,443a2a352667294b53d56cb1a74114e9,e632dff0acafad0a59dc208d16dedb37f7bd58f94c5d58c4b51912e41d005e3d
mhash-0.9.9.9.tar.bz2,https://sourceforge.net/projects/mhash/files/mhash/0.9.9.9/mhash-0.9.9.9.tar.bz2,f91c74f9ccab2b574a98be5bc31eb280,56521c52a9033779154432d0ae47ad7198914785265e1f570cee21ab248dfef0
midori-0.5.2.tar.bz2,https://archive.xfce.org/src/archive/midori/0.5/midori-0.5.2.tar.bz2,e2c1e0b617397ec9f9eef4fdb47b3565,a9c5cb4606e8e4967a2b980caa9ada25623c50d927a302b6bf73eeac5815c97c
mISDNuser-2.0.17.tar.gz,https://github.com/ISDN4Linux/mISDNuser/archive/refs/tags/v2.0.17.tar.gz,026856388785aa3d5c2d94c4caabb5a3,bfef17954451ae03748683425a50d5c99370e6007a59b9d086191e9a3cc27463
mjpegtools-2.0.0.tar.gz,https://sourceforge.net/projects/mjpeg/files/mjpegtools/2.0.0/mjpegtools-2.0.0.tar.gz,903e1e3b967eebcc5fe5626d7517dc46,bf3541593e71602f7b440c2e7d81b433f53d0511e74642f35bea9b3feded7a97
mnogosearch-3.2.43.tar.gz,https://web.archive.org/web/20130117045349if_/http://mnogosearch.org/Download/mnogosearch-3.2.43.tar.gz,afb6df546b7b0fbf2527d3dfc2c1d7e7,65a08e5b56ca3852671bedc649b6166b74c489c2506d86cb7cf5e5d626d7d6aa
mobile-broadband-provider-info-20120614.tar.xz,https://download.gnome.org/sources/mobile-broadband-provider-info/20120614/mobile-broadband-provider-info-20120614.tar.xz,dfa66a77ce27071b0882e2f822eecde5,72507a732e0cd16cf27424bb094b1c7a03e2206c119ad124722a283e587755f1
mod_dnssd-0.6.tar.gz,https://0pointer.de/lennart/projects/mod_dnssd/mod_dnssd-0.6.tar.gz,bed3d95a98168bf0515922d1c05020c5,2cd171d76eba398f03c1d5bcc468a1756f4801cd8ed5bd065086e4374997c5aa
ModemManager-1.0.0.tar.xz,https://www.freedesktop.org/software/ModemManager/ModemManager-1.0.0.tar.xz,bb59fda111d8e1038b02ed7e57efe83a,e0f3bbd9a7353f7d87be2391b8718a81d11f9ff8b1c067d640928322f8808563
mono-3.2.1.tar.gz,https://github.com/mono/mono/archive/refs/tags/mono-3.2.1.tar.gz,87697e59b8f6bac09177d8751ec4e082,8d22947309e1f706c364b8ca5a93bbc49c1b3dd15d27543dbab4f37e57e07bb4
mousepad-0.3.0.tar.bz2,https://archive.xfce.org/src/apps/mousepad/0.3/mousepad-0.3.0.tar.bz2,dcfcdfaa8a19c89f35d5f6f64753e6e1,10f27506994d0d0b8f9e02555404a144babedab97517abe3b6be8b2d21ff046d
mozjs17.0.0.tar.gz,https://ftp.mozilla.org/pub/mozilla.org/js/mozjs17.0.0.tar.gz,20b6f8f1140ef6e47daa3b16965c9202,321e964fe9386785d3bf80870640f2fa1c683e32fe988eeb201b04471c172fba
mpeg2vidcodec_v12.tar.gz,https://web.archive.org/web/20131013232316/http://www.mpeg.org/pub_ftp/mpeg/mssg/mpeg2vidcodec_v12.tar.gz,4a66565979be0818bd8a41d948943451,e59da9988b2e964026c8370658771954a724e8319cc266f75c6aef2a85c40076
mpg123-1.15.4.tar.bz2,https://downloads.sourceforge.net/mpg123/mpg123-1.15.4.tar.bz2,0703bf3b104910ba41c658a4d1080c9b,6885fda3584566c5fa4816e635dfa1d34babf397333b2af00ab7263faffe5115
MPlayer-1.1.1.tar.xz,http://www.mplayerhq.hu/MPlayer/releases/MPlayer-1.1.1.tar.xz,39dd55f30eb5403f219a606e79a6648a,ce8fc7c3179e6a57eb3a58cb7d1604388756b8a61764cc93e095e7aff3798c76
mtasc_1.14.orig.tar.gz,https://archive.debian.org/debian-archive/debian/pool/main/m/mtasc/mtasc_1.14.orig.tar.gz,477055c2d2f5856ae346d04a7cc53f26,c7ac2347954a93cec4f6f31baed762a7461e2d3353bda8669251bb5483373fd2
mtdev-1.1.3.tar.bz2,https://bitmath.org/code/mtdev/mtdev-1.1.3.tar.bz2,8a236569ad3dd79eaeed45f1935359be,6d4c28b69ddba060cd3c9ae9ec28d4790a96f8211452c22bca1df0ebf86f3695
mtools_4.0.18.orig.tar.bz2,https://archive.debian.org/debian-archive/debian/pool/main/m/mtools/mtools_4.0.18.orig.tar.bz2,a23646617546bf6ad56f061d8b283c85,59e9cf80885399c4f229e5d87e49c0c2bfeec044e1386d59fcd0b0aead6b2f85
musepack_src_r475.tar.gz,https://files.musepack.net/source/musepack_src_r475.tar.gz,754d67be67f713e54baf70fcfdb2817e,a4b1742f997f83e1056142d556a8c20845ba764b70365ff9ccf2e3f81c427b2b
mutt_1.5.21.orig.tar.gz,https://archive.debian.org/debian-archive/debian/pool/main/m/mutt/mutt_1.5.21.orig.tar.gz,a29db8f1d51e2f10c070bf88e8a553fd,2141f36e8d0f4f71c9ca6780001e7cc679fe313e643953fc07f001223e67c4a0
mysql-5.6.13.tar.gz,https://downloads.mysql.com/archives/get/p/23/file/mysql-5.6.13.tar.gz,4bfeb22f2f876825db70d9820d164343,5d1b230c3ce896fbea47a69b14b9efb122621a19f32c1102d388d8e7fa442d7e
mythes-1.2.3.tar.gz,https://sourceforge.net/projects/hunspell/files/MyThes/1.2.3/mythes-1.2.3.tar.gz,46e92b68e31e858512b680b3b61dc4c1,92383930f110d691a38b64684d96cb4f30d7f0550dbcfe8b227ca5c7a33fb838
nano-2.3.2.tar.gz,https://ftp.gnu.org/gnu/nano/nano-2.3.2.tar.gz,6451aeae836471cadea8567c44a46c99,ff309248071486445609ad4269b798262a1324d7503dc09dea289f5b60106be8
nas-1.9.3.src.tar.gz,https://sourceforge.net/projects/nas/files/nas/nas.1.9.3%20%28stable%29/nas-1.9.3.src.tar.gz,ecd01a3b4e17a9d464efa83a03618025,cd2c12980f812d6c7e08f48d00a2b7f85a040b3f587b177d4c1f03600a6ae7a9
nasm-2.10.09-xdoc.tar.xz,https://www.nasm.us/pub/nasm/releasebuilds/2.10.09/nasm-2.10.09-xdoc.tar.xz,49ce863729cbf53bbc07cdceade41a07,42598c7b7c82054fee9da071040bd910a5aeba454415d065bb31ac5b38968180
nasm-2.10.09.tar.xz,https://www.nasm.us/pub/nasm/releasebuilds/2.10.09/nasm-2.10.09.tar.xz,99ea44f338f45cf812fbf6e6d9296518,9ffd9f910c783ee798cf2986cec01ebeeb01ba0ecacef64d2d4bea927c41fbf2
nautilus-3.8.2.tar.xz,https://ftp.gnome.org/pub/gnome/sources/nautilus/3.8/nautilus-3.8.2.tar.xz,3725deae73d9b45f7f69a87c64c29941,dbddfdaac52d077d46d48a2f8dbecf6d13788d8f6b5fc9aa70826a24681d8a75
nautilus-sendto-0.3.tar.bz2,https://download.gnome.org/sources/nautilus-sendto/0.3/nautilus-sendto-0.3.tar.bz2,946aea5c775308f0472bdf9d1e4048c7,990369fb302a1322ed04e361fbd64c26ad2fdfc3db7f1495fdb1d781cd0a2ee1
ncftp-3.2.5-src.tar.bz2,https://ftp.ludd.ltu.se/mirrors/blfs/conglomeration/ncftp/ncftp-3.2.5-src.tar.bz2,b05c7a6d5269c04891f02f43d4312b30,b4ebe2415761a5137cd1d313c8fc1352f26d8963cc9e9e354e29720aa2089d42
neon-0.30.0.tar.gz,http://www.webdav.org/neon/neon-0.30.0.tar.gz,fb60b3a124eeec441937a812c456fd94,2962cfcb5d30f3272e3d2fa0e473434419770a3801afe3d46e5d1650787990c2
nepomuk-core-4.10.3.tar.xz,https://download.kde.org/stable/4.10.3/src/nepomuk-core-4.10.3.tar.xz,a0e347bbccfc2d46651d4fc5198e40fd,ef7cb2d81b6f29539d59cb2c86201c0c2c45c33a5b98af300b67c2d7b5f842c2
nepomuk-widgets-4.10.3.tar.xz,https://download.kde.org/stable/4.10.3/src/nepomuk-widgets-4.10.3.tar.xz,640d9a688414c2d8ae6abe3403830e90,602a6c129654eb4df7288eae9a328b77768c4f97e73d1a2aedc518518fda21f0
net-snmp-5.7.2.tar.gz,https://sourceforge.net/projects/net-snmp/files/net-snmp/5.7.2/net-snmp-5.7.2.tar.gz,5bddd02e2f82b62daa79f82717737a14,09ed31b4cc1f3c0411ef9a16eff79ef3b30d89c32ca46d5a01a41826c4ceb816
net-tools-CVS_20101030.tar.gz,https://anduin.linuxfromscratch.org/sources/BLFS/svn/n/net-tools-CVS_20101030.tar.gz,6be14ed473cacdd68edeaa9605adc469,1d3bbfa96fcf4e5c67663c1866b312ec2cf011c01b158c798371e4e07742e0f8
netcat-0.7.1.tar.bz2,https://sourceforge.net/projects/netcat/files/netcat/0.7.1/netcat-0.7.1.tar.bz2,0a29eff1736ddb5effd0b1ec1f6fe0ef,b55af0bbdf5acc02d1eb6ab18da2acd77a400bafd074489003f3df09676332bb
netpbm-10.35.89.tgz,https://sourceforge.net/projects/netpbm/files/super_stable/10.35.89/netpbm-10.35.89.tgz,ff609d95f43cc8bf6ea9c3667a15b610,139800273c5c4e8241577d96808467bc500bdbe6cd9d29ca03c696c60b265fd3
nettle-2.7.1.tar.gz,https://ftp.gnu.org/gnu/nettle/nettle-2.7.1.tar.gz,003d5147911317931dd453520eb234a5,bc71ebd43435537d767799e414fce88e521b7278d48c860651216e1fc6555b40
network-manager-applet-0.9.8.2.tar.xz,https://ftp.gnome.org/pub/gnome/sources/network-manager-applet/0.9/network-manager-applet-0.9.8.2.tar.xz,1dbece6519f32aa43a746abd96181aa0,a540c743971c199a7b8663a8d0a38eb66a4c13a6b5124cd3a7495c75560aadc7
NetworkManager-0.9.8.2.tar.xz,https://ftp.gnome.org/pub/gnome/sources/NetworkManager/0.9/NetworkManager-0.9.8.2.tar.xz,7ac4ee1652e77ba064a5e18dc7af7e25,5c0b2f71b2f61e0dfbe95cebad83001758db252d5cdf5b6f7ceebac9c6bd7ead
nfs-utils-1.2.8.tar.bz2,https://downloads.sourceforge.net/nfs/nfs-utils-1.2.8.tar.bz2,6e7d97de51e428a0b8698c16ca23db77,1cc8f02a633eddbf0a1d93421f331479c4cdab4c5ab33b8bf8c7c369f9156ac6
nilfs-utils-2.1.5.tar.gz,https://github.com/nilfs-dev/nilfs-utils/archive/refs/tags/v2.1.5.tar.gz,6507f3eb026b18cd83c6d59385d4a2c7,3c4bbb6dfec14646214fccbd161e6d8e9a6e1dde5cbb7d80f11c94af0fc0fb56
nmap-6.40.tar.bz2,https://nmap.org/dist/nmap-6.40.tar.bz2,c0e2f3370e1fb97fb53185b15aa22aff,491f77d8b3fb3bb38ba4e3850011fe6fb43bbe197f9382b88cb59fa4e8f7a401
nph-1.2.3.tar.bz2,https://github.com/chaos/nph/releases/download/1.2.3/nph-1.2.3.tar.bz2,c8018d25c28895060e2bb65bd9cbf357,5fff4dfdb07312e115a2f5e249e4d12bdba8a2329cdc1efd0c64939670477edb
nspr-4.10.tar.gz,https://ftp.mozilla.org/pub/mozilla.org/nspr/releases/v4.10/src/nspr-4.10.tar.gz,f5466def95726b3c900d8a0227bdd034,0cfbe561676b92e5af3ddc7ac77452014e3da8885da66baec811e7354138cc16
nss-3.15.1.tar.gz,https://ftp.mozilla.org/pub/mozilla.org/security/nss/releases/NSS_3_15_1_RTM/src/nss-3.15.1.tar.gz,fb68f4d210ac9397dd0d3c39c4f938eb,f994106a33d1f3210f4151bbb3419a1c28fd1cb545caa7dc9afdebd6da626284
ntfs-3g_ntfsprogs-2013.1.13.tgz,https://tuxera.com/opensource/ntfs-3g_ntfsprogs-2013.1.13.tgz,2d6fb47ddf62b51733227126fe9227fe,4b383f0074a3ab7683339d1f18222b107aaeb4983db119292c43c2b275cefb27
ntp-4.2.6p5.tar.gz,https://www.eecis.udel.edu/~ntp/ntp_spool/ntp4/ntp-4.2/ntp-4.2.6p5.tar.gz,00df80a84ec9528fcfb09498075525bc,d6ab8371f9d31e594eb6922823d5ccd03dcc4e9d84b0e23ea25ac1405432f91c
ntrack-016.tar.gz,https://launchpad.net/ntrack/main/016/+download/ntrack-016.tar.gz,21691dac43460a6791cba3decbc68242,fc00d461db4973820b31c34bf77ae663eaba4776f61208413d62dc0a7c79f10c
numlockx_1.2.orig.tar.gz,https://archive.debian.org/debian-archive/debian/pool/main/n/numlockx/numlockx_1.2.orig.tar.gz,be9109370447eae23f6f3f8527bb1a67,e468eb9121c94c9089dc6a287eeb347e900ce04a14be37da29d7696cbce772e4
nut_2.6.4.orig.tar.gz,https://archive.debian.org/debian-archive/debian/pool/main/n/nut/nut_2.6.4.orig.tar.gz,78d672fbbcd90683e49c667665a95f87,4a8455ca7ba2e18b57a39206acc5a496e855d845828e970822bd84afd1178fe5
obex-data-server-0.4.6.tar.gz,https://ftp.ludd.ltu.se/mirrors/blfs/conglomeration/obex-data-server/obex-data-server-0.4.6.tar.gz,961ca5db6fe9c97024e133cc6203cc4d,b399465ddbd6d0217abedd9411d9d74a820effa0a6a142adc448268d3920094f
obexd-0.48.tar.xz,https://www.kernel.org/pub/linux/bluetooth/obexd-0.48.tar.xz,dfb9bdd490a975616afa3a0c2bf53c88,6dfd10e1444b0d8a66f2d745d70336cd28e533e893a48f69879c4bb6d079edfb
obmenu-1.0.tar.gz,https://sourceforge.net/projects/obmenu/files/obmenu/1.0/obmenu-1.0.tar.gz,710036a5edc9886d6d563ce46c747432,c9cea64d40d461a34ea3bdaec9867487c819d5f9814e1cc54db607d4d3c20e27
ocaml-4.00.1.tar.bz2,https://caml.inria.fr/pub/distrib/ocaml-4.00/ocaml-4.00.1.tar.bz2,1c9dca1130edc0d1fa4647ae2cd7564a,33c3f4acff51685f5bfd7c260f066645e767d4e865877bf1613c176a77799951
ofono-1.12.tar.bz2,https://www.kernel.org/pub/linux/network/ofono/ofono-1.12.tar.bz2,71a92c31224f603ea054a202152a1dea,6f3fcf2b0fccb282ee050184a80451c62fe680f6e9c5e2c0915312108b1c6c29
okular-4.10.3.tar.xz,https://download.kde.org/stable/4.10.3/src/okular-4.10.3.tar.xz,563c45e46c760bed802cd08cd6e1e628,b69d3c93acb40bfdd83978717ba6b19ae1aa421420a2e8ffe950b85ffc89f951
omx_dl_v1_0_1.h.zip,https://registry.khronos.org/OpenMAX-DL/api/1.0/omx_dl_v1_0_1.h.zip,b6173f2149f3d8873fecb7586d27a5ee,2b5e1b741639d80d978e30ee55935abd5744981b772487aca44e5c73c323314b
onig-5.9.4.tar.gz,https://web.archive.org/web/20140726044425if_/http://www.geocities.jp/kosako3/oniguruma/archive/onig-5.9.4.tar.gz,e010e18a0d055eb368181e2add7fb8b6,988221911ff865941a859096c39a532df77418cb6df513857428a41605130697
opal-3.10.10.tar.xz,https://ftp.gnome.org/pub/gnome/sources/opal/3.10/opal-3.10.10.tar.xz,6efa1b4c5e0ad6460019b4c6df0898d7,f208985003461b2743575eccac13ad890b3e5baac35b68ddef17162460aff864
openafs-1.6.5-src.tar.bz2,https://www.openafs.org/dl/openafs/1.6.5/openafs-1.6.5-src.tar.bz2,e33e0b031760d4f90815d40b8ab3c540,176fab2d710d8dcf566f5aa229fd796dd8165561d57590e32790a3034a195ef2
openal-soft-1.15.1.tar.bz2,https://openal-soft.org/openal-releases/openal-soft-1.15.1.tar.bz2,ea83dec3b9655a27d28e7bc7cae9cd71,0e29a162f0841ccb4135ce76e92e8a704589b680a85eddf76f898de5236eb056
openbox_3.5.0.orig.tar.gz,https://archive.debian.org/debian-archive/debian/pool/main/o/openbox/openbox_3.5.0.orig.tar.gz,00441b53cf14c03566c8e82643544ff9,6fa90016530b3aa6102e254079461977439398531fb23e7ec076ff2c140fea0a
opencore-amr-0.1.3.tar.gz,https://sourceforge.net/projects/opencore-amr/files/opencore-amr/opencore-amr-0.1.3.tar.gz,09d2c5dfb43a9f6e9fec8b1ae678e725,106bf811c1f36444d7671d8fd2589f8b2e0cca58a2c764da62ffc4a070595385
opencv-2.3.0.tar.gz,https://github.com/opencv/opencv/archive/refs/tags/2.3.0.tar.gz,c497e906bc4e4a43a7a0e600384c475e,4e40ebffffeaa4d151d5fa85df0842114244c95a3b6bb89495f960a0bbad2b8f
openexr-2.0.1.tar.gz,https://github.com/AcademySoftwareFoundation/openexr/archive/refs/tags/v2.0.1.tar.gz,ca181616612a4284b807ba30541b7fba,c359405aa9a8830c31a91b50e8cb69a3abed95c6a3befd7d7eb78ccbeed7e691
openfwtk2.0.tar.gz,https://sourceforge.net/projects/openfwtk/files/openfwtk/Release%202.0/openfwtk2.0.tar.gz,5747d028dd3f34af2a8dd93927a58413,e09b30f13edcc0ec297add629259fc5414081d26aeb3ecc6bfc67f3a27f8d5b6
openjade-1.3.2.tar.gz,https://downloads.sourceforge.net/openjade/openjade-1.3.2.tar.gz,7df692e3186109cc00db6825b777201e,1d2d7996cc94f9b87d0c51cf0e028070ac177c4123ecbfd7ac1cb8d0b7d322d1
OpenJDK-1.7.0.40-i686-bin.tar.xz,https://ftp.ludd.ltu.se/mirrors/blfs/conglomeration/openjdk/OpenJDK-1.7.0.40-i686-bin.tar.xz,5a099f50edbd6b0f83b746c907032d5c,9e9c0e122874951a2f72b8b7518be61ea36bcb782db6a1d6c0e54b71985a3d9c
OpenJDK-1.7.0.40-x86_64-bin.tar.xz,https://ftp.ludd.ltu.se/mirrors/blfs/conglomeration/openjdk/OpenJDK-1.7.0.40-x86_64-bin.tar.xz,506ca98b2f4064c350ee08ab8f8f5416,b5bac0b55c2f928f4ab3cee6887058b84ab6fe59802af754941b59fa6856bbed
openjpeg-1.5.1.tar.gz,https://sourceforge.net/projects/openjpeg.mirror/files/1.5.1/openjpeg-1.5.1.tar.gz,b5f74cec2688fb918331bb014061be6f,6cfb3097a1c8e9550131b17663daf927f42707bc3f84196c1390642e87f3ab8d
openldap-2.4.35.tgz,ftp://ftp.openldap.org/pub/OpenLDAP/openldap-release/openldap-2.4.35.tgz,cd75d82ca89fb0280cba66ca6bd97448,16100374c147df0d82a5c52ca60da5eca1a5ea8b5a187467d40a78e3691e9eeb
openobex-1.7.1-Source.tar.gz,https://downloads.sourceforge.net/openobex/openobex-1.7.1-Source.tar.gz,3181bfed9cb7db591605391068cb0085,3b264665d90901ea4ff720332ffb9b6d1d8f67187463d3a3279caddc7205ea57
OpenSC-0.13.0.tar.gz,https://github.com/OpenSC/OpenSC/archive/refs/tags/0.13.0.tar.gz,92ed0041be8e5c53aa48c371b090b6cd,0d2a265f58c310c9c3fe2753327fb294f3cb85873fe69d7ebab7c355a7adb1e3
openslp-2.0.0.tar.gz,https://sourceforge.net/projects/openslp/files/2.0.0/2.0.0%20Release/openslp-2.0.0.tar.gz,18cf7940bcc444e32592cf34e84f833f,924337a2a8e5be043ebaea2a78365c7427ac6e9cee24610a0780808b2ba7579b
OpenSP-1.5.2.tar.gz,http://downloads.sourceforge.net/openjade/OpenSP-1.5.2.tar.gz,670b223c5d12cee40c9137be86b6c39b,57f4898498a368918b0d49c826aa434bb5b703d2c3b169beb348016ab25617ce
openssh-6.2p2.tar.gz,https://ftp.openbsd.org/pub/OpenBSD/OpenSSH/portable/openssh-6.2p2.tar.gz,be46174dcbb77ebb4ea88ef140685de1,7f29b9d2ad672ae0f9e1dcbff871fc5c2e60a194e90c766432e32161b842313b
openssl-1.0.1e.tar.gz,https://www.openssl.org/source/openssl-1.0.1e.tar.gz,66bf6f10f060d561929de96f9dfe5b8c,f74f15e8c8ff11aa3d5bb5f276d202ec18d7246e95f961db76054199c69c1ae3
opie_2.32.orig.tar.gz,https://archive.debian.org/debian-archive/debian/pool/main/o/opie/opie_2.32.orig.tar.gz,6970dc42e05e91fc6419533decf6c6e2,08eb16f40bdc167451170c59c4a7fbce04662f99984fa92dc7d02e9fad265d0c
opus-1.0.3.tar.gz,https://ftp.osuosl.org/pub/xiph/releases/opus/opus-1.0.3.tar.gz,86eedbd3c5a0171d2437850435e6edff,191a089c92dbc403de6980463dd3604b65beb12d283c607e246c8076363cb49c
orc-0.4.17.tar.gz,https://web.archive.org/web/20150912073345/http://code.entropywave.com/download/orc/orc-0.4.17.tar.gz,af1bf3dab9e69f3c36f389285e2a12a1,4fc7cca48c59fff23afee78fb642cdbde001f56401c8f47b95a16578d1d5d7e8
ossp-mm-1.4.2.tar.gz,https://mirrors.mit.edu/macports/distfiles/ossp-mm/mm-1.4.2.tar.gz,bdb34c6c14071364c8f69062d2e8c82b,8caddd1ee8d8c7790e4b7fedc9be15d4d76ea23f25b17687fc27218648325885
oxygen-icons-4.10.3.tar.xz,https://download.kde.org/stable/4.10.3/src/oxygen-icons-4.10.3.tar.xz,f50dd4177a0e24d0a8bb2a5bad69ff50,31c83789d552cedca4f4c3b2dceeb7ebd068bbdead1a5239f787f52641604af3
p11-kit-0.18.5.tar.gz,https://ftp.ludd.ltu.se/mirrors/blfs/conglomeration/p11kit/p11-kit-0.18.5.tar.gz,2727bf68b2fd2f67515a51914202a518,42513a9206790664fa36be6385854b32536db4c902f0f2894b55603920c8de12
pakchois-0.4.tar.gz,https://www.manyfish.co.uk/pakchois/pakchois-0.4.tar.gz,218ad0256e514989299acdf4e86aaf3d,d73dc5f235fe98e4d1e8c904f40df1cf8af93204769b97dbb7ef7a4b5b958b9a
pango-1.34.1.tar.xz,https://ftp.gnome.org/pub/gnome/sources/pango/1.34/pango-1.34.1.tar.xz,e36dc70c0e246db84b41736a40edf7a0,1aea30df34a8ae4fcce71afd22aa5b57224b52916d46e3ea81ff9f1eb130e64c
pangomm-2.34.0.tar.xz,https://ftp.gnome.org/pub/gnome/sources/pangomm/2.34/pangomm-2.34.0.tar.xz,2c702caede167323c9ed9eed2b933098,0e82bbff62f626692a00f3772d8b17169a1842b8cc54d5f2ddb1fec2cede9e41
pangox-compat-0.0.2.tar.xz,https://ftp.gnome.org/pub/gnome/sources/pangox-compat/0.0/pangox-compat-0.0.2.tar.xz,7bcbd0187f03e1e27af9a81e07249c33,552092b3b6c23f47f4beee05495d0f9a153781f62a1c4b7ec53857a37dfce046
paps-0.6.8.tar.gz,https://downloads.sourceforge.net/paps/paps-0.6.8.tar.gz,e9508132bf27609bf2fded2bfd9cb3f1,db214c4ea7ecde2f7986b869f6249864d3ff364e6f210c15aa2824bcbd850a20
parole-0.5.2.tar.bz2,https://archive.xfce.org/src/apps/parole/0.5/parole-0.5.2.tar.bz2,918914fcdede178a027cd1ed70954c30,7ea01168beffda972c8a7392d8e7934edc6be9e19ad8655df7697ca699d0746c
parted-3.1.tar.xz,https://ftp.gnu.org/gnu/parted/parted-3.1.tar.xz,5d89d64d94bcfefa9ce8f59f4b81bdcb,5e9cc1f91eaf016e5033d85b9b893fd6d3ffaca532a48de1082df9b94225ca15
passivetex_1.25.orig.tar.gz,https://archive.debian.org/debian-archive/debian/pool/main/p/passivetex/passivetex_1.25.orig.tar.gz,1c0a021a1499f5d044300fc130b036e4,3c5e3ed8d8e5b40a28ca141880bb25bc2a5b55e64e0c6dafee52d78fa3623872
pccts133mr.zip,http://www.polhode.com/pccts133mr.zip,fd70972b0a6aa2d3cf8b5c66d26d229d,d5aaf0b53999f43a9ff97c4993ba9f9682ed1864603c34f5e2728ae6a40f30a4
pciutils-3.2.0.tar.xz,https://kernel.org/pub/software/utils/pciutils/pciutils-3.2.0.tar.xz,adb27c2d6ca54405115c532ae4c348e6,ee69a021f5b037a898cc93426fda2098722404ce0c88bcb8c0609c7396285e50
pcre-8.33.tar.bz2,https://downloads.sourceforge.net/pcre/pcre-8.33.tar.bz2,21514018448ac10062ece7a668fca949,c603957a4966811c04af5f6048c71cfb4966ec93312d7b3118116ed9f3bc0478
pgtcl_1.9+git20120911.orig.tar.gz,https://archive.debian.org/debian-archive/debian/pool/main/p/pgtcl/pgtcl_1.9+git20120911.orig.tar.gz,fe01d08ffbf75d02c20fb16360971251,260fe5670d69080d9bac2589940825bd41a71c31e9e825033c5582e75e77b75c
phonon-4.6.0.tar.xz,https://mirrors.mit.edu/kde/Attic/phonon/4.6.0/src/phonon-4.6.0.tar.xz,bbe0c1c62ed14c31479c4c1a6cf1e173,2915e7a37c92a0a8237b9e6d2ef67ba8b005ee3529d03991cd3d137f039ba3c4
phonon-backend-gstreamer-4.6.3.tar.xz,https://download.kde.org/Attic/phonon/phonon-backend-gstreamer/4.6.3/src/phonon-backend-gstreamer-4.6.3.tar.xz,d7b0b6245f380347c52c09033a814931,55e273f113e309f2fc3f316baf4b220562cc8fb37b25193ac257ff1eae7aaf58
phonon-backend-vlc-0.6.2.tar.xz,https://download.kde.org/Attic/phonon/phonon-backend-vlc/0.6.2/phonon-backend-vlc-0.6.2.tar.xz,1ae8b15594714841d2bcf8c72813a176,d4e01988f217195b910e490e499f35ef4e4a2cfefa46e22b74ba3efac77199fc
php-5.5.0.tar.bz2,https://museum.php.net/php5/php-5.5.0.tar.bz2,daf2d54e79def9fd0fb2ac7dfcefb7f3,29bb5ea45256f3983fab95af1f18d76dcc045565b2f175f11817069cefcf6cd1
picogui-0.46.tar.bz2,https://sourceforge.net/projects/pgui/files/picogui/0.46/picogui-0.46.tar.bz2,a3f0524fd409b3129961fad1d9fd38ec,419ad8362ddbc405eea94e8c86df5fd36d82421ba137b6b2aa6dc46df15dbd9c
pidgin-2.10.7.tar.bz2,https://downloads.sourceforge.net/pidgin/pidgin-2.10.7.tar.bz2,ea88976b9952e80b702b030489f94393,eba32994eca20d1cf24a4261b059b2de71a1ec2dd0926e904074b0db49f7f192
pinentry-0.8.3.tar.bz2,https://www.gnupg.org/ftp/gcrypt/pinentry/pinentry-0.8.3.tar.bz2,2ae681cbca0d9fb774b2c90b11ebf56c,568b0b09b50b2388a4f94d704d5bcb28718ecd4654ed1acc43ab1f97d921a0ad
pixman-0.30.0.tar.gz,https://cairographics.org/releases/pixman-0.30.0.tar.gz,ae7ac97921dfa59086ca2231621a79c7,1d812f9f60215099355f5c13c6f06d7db1135c99f34ff03535b71b64435125fd
pm-utils-1.4.1.tar.gz,https://pm-utils.freedesktop.org/releases/pm-utils-1.4.1.tar.gz,1742a556089c36c3a89eb1b957da5a60,8ed899032866d88b2933a1d34cc75e8ae42dcde20e1cc21836baaae3d4370c0b
pmd-src-5.0.4.zip,https://sourceforge.net/projects/pmd/files/pmd/5.0.4/pmd-src-5.0.4.zip,3ea9075e4129a8ed5816913020e131c4,f7eea1498058522a03dbd458e3a6b0ab6ffe9dd7761d7afa649571ffb50d60a1
pngcrush-1.7.67.tar.xz,https://sourceforge.net/projects/pmt/files/pngcrush/old-versions/1.7/1.7.67/pngcrush-1.7.67.tar.xz,9f7e15dabe76c6d441cf8d7edcc237e8,60042d35914c4a4cfa9b2a216c0e220db894b698549a4d1bc3ed36eec51ba9c0
pngnq-1.1.tar.gz,https://sourceforge.net/projects/pngnq/files/pngnq/1.1/pngnq-1.1.tar.gz,fdbb94d504931b50c54202b62f98aa44,c147fe0a94b32d323ef60be9fdcc9b683d1a82cd7513786229ef294310b5b6e2
polkit-0.111.tar.gz,https://www.freedesktop.org/software/polkit/releases/polkit-0.111.tar.gz,81b116edf986d8e13502929a171f4e0d,02ae544547211b687818c97bcbf19bf6b8b5be7fda93000525a8765c7bed1ea1
polkit-gnome-0.105.tar.xz,https://ftp.gnome.org/pub/gnome/sources/polkit-gnome/0.105/polkit-gnome-0.105.tar.xz,50ecad37c8342fb4a52f590db7530621,1784494963b8bf9a00eedc6cd3a2868fb123b8a5e516e66c5eda48df17ab9369
polkit-kde-agent-1-0.99.0.tar.bz2,https://download.kde.org/Attic/apps/KDE4.x/admin/polkit-kde-agent-1-0.99.0.tar.bz2,a02d3fddc6270a88bceaf3ba604c92f8,e371ff2698431decc825bb146d638de432f5fffd09046e225270c30dbac1b467
polkit-qt-1-0.103.0.tar.bz2,https://ftp.ludd.ltu.se/mirrors/blfs/conglomeration/polkit-qt/polkit-qt-1-0.103.0.tar.bz2,a105e233e6733fb072c9080cd7ae1af2,2e32566b8e3d0fd7cf619497089763303c3dc08b7e5a666b2369720fced2274c
poppler-0.24.0.tar.xz,https://poppler.freedesktop.org/poppler-0.24.0.tar.xz,891000481f639e996d000d767d953a7f,bdc517ea648a3f8ecbe0745a79fb6cbf9a7e2ef647d6156154449cf50c6d0c21
poppler-data-0.4.6.tar.gz,https://poppler.freedesktop.org/poppler-data-0.4.6.tar.gz,a8a7ca808827dd674faba6e4fc73b471,f306901dfa5bda90cd6663d4eedb1c773c3c709de78018c79f1282b2c8f90afa
popt-1.16.tar.gz,http://ftp.rpm.org/popt/releases/historical/popt-1.16.tar.gz,3743beefa3dd6247a73f8f7a32c14c33,e728ed296fe9f069a0e005003c3d6b2dde3d9cad453422a10d6558616d304cc8
portaudio_v19_20111121.tgz,https://files.portaudio.com/archives/pa_stable_v19_20111121.tgz,25c85c1cc5e9e657486cbc299c6c035a,9c26d1330d506496789edafe55b0386f20d83c4aa2c0e3f81fbeb0f114ab1b99
postfix-2.10.1.tar.gz,ftp://ftp.porcupine.org/mirrors/postfix-release/official/postfix-2.10.1.tar.gz,209e81079325b6758a7dcf531a0d5f7a,2e85a62e97418bbb022b4d4433098a7f25adc7dc707c37d9984db2c2f314b1c1
postgresql-9.2.4.tar.bz2,https://ftp.postgresql.org/pub/source/v9.2.4/postgresql-9.2.4.tar.bz2,6ee5bb53b97da7c6ad9cb0825d3300dd,d97dd918a88a4449225998f46aafa85216a3f89163a3411830d6890507ffae93
povray-3.6.1.1.tar.gz,https://sourceforge.net/projects/povray-3-6-1-1/files/povray-3.6.1.1.tar.gz,9743896704edad6f004f2a9528c2212d,82a0eae1f4482ce816053f917ece187955af664df2662983e564f7c90a77cebc
prelude-0.4.2.tar.bz2,https://sourceforge.net/projects/prelude/files/prelude/0.4.2/prelude-0.4.2.tar.bz2,cbec8e4e00e94ce65339e40e5bb6811a,5012de85927e6ef54cef5be778fcc53ea77e896605f63c0276512dd31c3c43ab
printproto-1.0.5.tar.bz2,https://xorg.freedesktop.org/releases/individual/proto/printproto-1.0.5.tar.bz2,99d0e25feea2fead7d8325b7000b41c3,1298316cf43b987365ab7764d61b022a3d7f180b67b423eed3456862d155911a
prison-1.0.tar.gz,https://download.kde.org/Attic/prison/1.0/src/prison-1.0.tar.gz,8baac61506e37a31482a0df4a5d02cd2,394f242c42a735689bfecef944093ca1b313e966df532cb96f579aa1daff1322
procmail-3.22.tar.gz,http://www.ring.gr.jp/archives/net/mail/procmail/procmail-3.22.tar.gz,1678ea99b973eb77eda4ecf6acae53f1,087c75b34dd33d8b9df5afe9e42801c9395f4bf373a784d9bc97153b0062e117
proftpd-1.3.4d.tar.gz,https://ftp.riken.jp/net/ProFTPD/historic/source/proftpd-1.3.4d.tar.gz,13c6fd7ce320886adc371c81a3e23f07,c198b53991ce641eae6b3237e856e59f0bfe8330794145b49cae33f85b6f5370
projectM-complete-2.1.0-Source.tar.gz,https://sourceforge.net/projects/projectm/files/2.1.0/projectM-complete-2.1.0-Source.tar.gz,debf30f7ce94ff0102f06fbb0cc4e92b,513204f033006bd3dcdf8aada196d816d6b7187266ddcbb1594d0285cc9406ee
psiconv-0.9.8.tar.gz,https://frodo.looijaard.name/system/files/software/psiconv/psiconv-0.9.8.tar.gz,8d7548e3c6b9cd408544736133728acd,1eee15b29ddcbfd2d15e0a0d26f59e28bac281c870b77418fa369dceed796806
psutils-p17.tar.gz,https://ftp.ludd.ltu.se/mirrors/blfs/conglomeration/psutils/psutils-p17.tar.gz,b161522f3bd1507655326afa7db4a0ad,3853eb79584ba8fbe27a815425b65a9f7f15b258e0d43a05a856bdb75d588ae4
pth-2.0.7.tar.gz,https://ftp.gnu.org/gnu/pth/pth-2.0.7.tar.gz,9cb4a25331a4c4db866a31cbe507c793,72353660c5a2caafd601b20e12e75d865fd88f6cf1a088b306a3963f0bc77232
ptlib-2.10.10.tar.xz,https://ftp.gnome.org/pub/gnome/sources/ptlib/2.10/ptlib-2.10.10.tar.xz,1fd609e25f101393bb7e42fbf874c174,7fcaabe194cbd3bc0b370b951dffd19cfe7ea0298bfff6aecee948e97f3207e4
pulseaudio-4.0.tar.xz,https://freedesktop.org/software/pulseaudio/releases/pulseaudio-4.0.tar.xz,591f211db2790a7e4d222f2dc6858db3,35ceb36bb1822fe54f0b5e4863b4f486769fdfb8ff2111f01fd8778928f9cdae
pupnp-1.6.18.tar.gz,https://github.com/pupnp/pupnp/archive/refs/tags/release-1.6.18.tar.gz,3f6bd732a2e13204a3ba10ec70a38284,1f6493a182d390dae763a8939e9a747ab4dc99a8fe4e097296520e82b65dc03d
pvm3.4.6.tgz,https://www.netlib.org/pvm3/pvm3.4.6.tgz,7b5f0c80ea50b6b4b10b6128e197747b,482665e9bc975d826bcdacf1df1d42e43deda9585a2c430fd3b7b7ed08eada44
pxlib-0.6.5.tar.gz,https://sourceforge.net/projects/pxlib/files/pxlib/0.6.5/pxlib-0.6.5.tar.gz,389e1f779721a3ece113c086b683445b,2f7a6b77069411d857a1eed75bf9774099c42d35768222314fbeaa5c290a0605
python-2.7.5-docs-html.tar.bz2,https://docs.python.org/ftp/python/doc/2.7.5/python-2.7.5-docs-html.tar.bz2,77ae8fd6b456c6339a1a62d57425335b,bb1b8ada858bae3b9e94a7fefe77536f68ce924f2c19b57e5f47c111c29415a3
Python-2.7.5.tar.xz,https://www.python.org/ftp/python/2.7.5/Python-2.7.5.tar.xz,5eea8462f69ab1369d32f9c4cd6272ab,f33c4cab167dc69e10962e1cebf1c0768e2d0e8575648130c20e6bda84551db1
python-3.3.2-docs-html.tar.bz2,https://docs.python.org/ftp/python/doc/3.3.2/python-3.3.2-docs-html.tar.bz2,b5eee2b290338fb08c1512bfc79bb999,7434bbb654c45ccc29825f15df2137944c53c5b737a94eadbcbb006dd2848cd4
Python-3.3.2.tar.xz,https://www.python.org/ftp/python/3.3.2/Python-3.3.2.tar.xz,c94b78ea3b68a9bbc9906af4d5b4fdc7,745b32c4b810e36fa66346198dbc2e313524fd68888922b85005656825e64b43
qca-2.0.3.tar.bz2,https://ftp.ludd.ltu.se/mirrors/blfs/conglomeration/qca/qca-2.0.3.tar.bz2,fc15bd4da22b8096c51fcfe52d2fa309,8da20c89f390954fdcfcd3c4deef379213ddb5ae9d6b5e0c917d23f5e474895f
qdbm-1.8.77.tar.gz,https://sourceforge.net/projects/qdbm/files/qdbm/1.8.77/qdbm-1.8.77.tar.gz,084e07824e231969356ec7cefac97985,e413a57b28061f65c6e26fbec584f0d1c9c06f3142ee513fec4061f65533c772
qemu-1.5.2.tar.bz2,https://wiki.qemu.org/download/qemu-1.5.2.tar.bz2,04b94189ba587b3280713ded3b7f959a,f661147d190ab8432045058a660d810f13dc528fe7017ce578e9f2da2997a250
qimageblitz-0.0.6.tar.bz2,https://download.kde.org/Attic/qimageblitz/qimageblitz-0.0.6.tar.bz2,0ae2f7d4e0876764a97ca73799f61df4,9f102269dec50641440e23a449df215a0db9efef9a3969939d618c5e78a5010f
qjson-0.8.1.tar.bz2,https://downloads.sourceforge.net/qjson/qjson-0.8.1.tar.bz2,323fbac54a5a20c0b8fe45c1ced03e2d,cd4db5b956247c4991a9c3e95512da257cd2a6bd011357e363d02300afc814d9
qoauth-1.0.1.tar.gz,https://github.com/ayoy/qoauth/archive/refs/tags/v1.0.1.tar.gz,255121fc0070a1fbed83703e39111ce4,10212e0d5b735b98faef644b8eee92b8217e6e9222987c649920e0c4ec0b1e8c
qpdf-5.0.0.tar.gz,https://downloads.sourceforge.net/qpdf/qpdf-5.0.0.tar.gz,d501c61a8979132f6d601641483850cc,ddeac2272cbabffbaf7320d7e783085ed3690710616e0b855947b25e59a97b37
qpopper4.1.0.tar.gz,https://fossies.org/linux/misc/old/qpopper4.1.0.tar.gz,3b62b70fbcd16bb17795e1762dd33765,1bc21f83cda47e9b2d5d8ceecc49f169e10fdb9b99ddddcd543218fad269b0de
qt-everywhere-opensource-src-4.8.5.tar.gz,https://download.qt.io/archive/qt/4.8/4.8.5/qt-everywhere-opensource-src-4.8.5.tar.gz,1864987bdbb2f58f8ae8b350dfdbe133,eb728f8268831dc4373be6403b7dd5d5dde03c169ad6882f9a8cb560df6aa138
qtscriptgenerator-src-0.2.0.tar.gz,https://storage.googleapis.com/google-code-archive-downloads/v2/code.google.com/qtscriptgenerator/qtscriptgenerator-src-0.2.0.tar.gz,9f82b0aa212f7938de37df46cd27165c,895feb274470b9272264c7a141e5bd7f90c92e95d37f346f5f95a352541c8e69
R-3.0.1.tar.gz,https://mirrors.dotsrc.org/cran/src/base/R-3/R-3.0.1.tar.gz,36d51544b007fff26c7fbf36b02ea5ad,af90488af3141103b211dc81b6f17d1f0faf4f17684c579a32dfeb25d0d87134
Radiance-6R0P1all.tar.gz,https://radsite.lbl.gov/radiance/dist/rad6R0P1all.tar.gz,fa6530edfe802a768e748268a249dc93,f8f997e8fac3e8a4f8898f336e3d0dfba823bac08cdff29e8a8b6b28e3f17a6f
ralcgm-3.51.tar.gz,https://www.mcmurchy.com/ralcgm/ralcgm-3.51.tar.gz,e10ece45e06662529e0108a4995cd710,2a2c350a2f3c8702aa0df7535ca4117b4bf8d229243f4dc7c74d7d7212446bd2
raptor2-2.0.9.tar.gz,https://download.librdf.org/source/raptor2-2.0.9.tar.gz,4ceb9316488b0ea01acf011023cf7fff,e26fb9c18e6ebf71100f434070d50196a21d592b715e361850c3b4e789b5f6ef
rarian-0.8.1.tar.bz2,https://ftp.gnome.org/pub/gnome/sources/rarian/0.8/rarian-0.8.1.tar.bz2,75091185e13da67a0ff4279de1757b94,aafe886d46e467eb3414e91fa9e42955bd4b618c3e19c42c773026b205a84577
rasqal-0.9.30.tar.gz,https://download.librdf.org/source/rasqal-0.9.30.tar.gz,b12c5f9cfdb6b04efce5a4a186b8416b,abf0e93d80cc79bdf383fd3e904255bf98bc729356d6cf2f673bce74b08b1cfd
re-alpine-2.03.tar.bz2,https://sourceforge.net/projects/re-alpine/files/re-alpine-2.03.tar.bz2,566d269d4bd43aba68f377110a6295d5,70d9324b2a93a5c268a3f8b05449d33e1c79acd23d1bce2a9d95b334d7bfba87
re2c-0.13.5.tar.gz,https://sourceforge.net/projects/re2c/files/old/re2c-0.13.5.tar.gz,4a97d8f77ed6d2c76c8bd840a43f5633,f3a995139af475e80a30207d02728b1e0065b0caade7375e974cb1b14861668c
redland-1.0.16.tar.gz,https://download.librdf.org/source/redland-1.0.16.tar.gz,32f8e1417a64d3c6f2c727f9053f55ea,d9a274fc086e61119d5c9beafb8d05527e040ec86f4c0961276ca8de0a049dbd
reiserfsprogs-3.6.21.tar.bz2,https://ftp.ludd.ltu.se/mirrors/blfs/conglomeration/reiserfsprogs/reiserfsprogs-3.6.21.tar.bz2,0639cefac8f8150536cfa7531c2aa2d2,5549541822415c8b73088dd99e77e42e4c7f53c44c97fc117cc2696920fcb8a6
rep-gtk-0.90.8.1.tar.xz,https://download.tuxfamily.org/librep/rep-gtk/Archive/rep-gtk-0.90.8.1.tar.xz,00c1d9d7fe1c4d8851a59efa0e5a0645,aebb2ae356cb11a2a5a6516703f1b5c6d1d71c48715bc340c13db98b9bd1a650
rhino1_7R3.zip,https://ftp.mozilla.org/pub/mozilla.org/js/rhino1_7R3.zip,99d94103662a8d0b571e247a77432ac5,885b46e24fe5af23ad3712c5e08e8d97d6d92a4b89e1be860e8fe88e4a3dacd1
ristretto-0.6.3.tar.bz2,https://archive.xfce.org/src/apps/ristretto/0.6/ristretto-0.6.3.tar.bz2,6b8c9a5d7ed319e4c84a9fefaa18792c,2b6816de298e9a0d9b95662664690713c4123a9ac813a27bdde4727a03472d79
rmlcopydvd-0.4.0.tar.gz,https://www.mcmurchy.com/rmlcopydvd/download/rmlcopydvd-0.4.0.tar.gz,438db0d628c1c1942bddc95f6a55cdc2,8720d290336eb22f68bf8c51565152e22009c8773cb4eaa02a67434d8c5b0471
rox-filer-2.11.tar.bz2,https://downloads.sourceforge.net/rox/rox-filer-2.11.tar.bz2,0eebf05a67f7932367750ebf9faf215d,a929bd32ee18ef7a2ed48b971574574592c42e34ae09f36604bf663d7c101ba8
rpcbind-0.2.0.tar.bz2,https://downloads.sourceforge.net/rpcbind/rpcbind-0.2.0.tar.bz2,1a77ddb1aaea8099ab19c351eeb26316,c92f263e0353887f16379d7708ef1fb4c7eedcf20448bc1e4838f59497a00de3
rpcnis-headers.tar.bz2,https://ftp.ludd.ltu.se/mirrors/blfs/conglomeration/libtirpc/rpcnis-headers.tar.bz2,635c7c9b6c962246a50a579ddbdbb95c,f0668604c20ec3fd5e1ece1ecc8d941013d7822c9e1580e7170d6a5e2b03fa18
rrdtool-1.4.8.tar.gz,https://oss.oetiker.ch/rrdtool/pub/archive/rrdtool-1.4.8.tar.gz,dbe59386db97fd2f2216729facd74ca8,de95b9f5aa488b0683600aad5a07c316f8d98cbe8d00aa0a1c87e2b2ef89f3d6
rsync-3.0.9.tar.gz,https://samba.org/ftp/rsync/src/rsync-3.0.9.tar.gz,5ee72266fe2c1822333c407e1761b92b,30f10f8dd5490d28240d4271bb652b1da7a60b22ed2b9ae28090668de9247c05
rtmpdump-2.3.tgz,http://rtmpdump.mplayerhq.hu/download/rtmpdump-2.3.tgz,eb961f31cd55f0acf5aad1a7b900ef59,ef38b7a99d82ce6912063d21063aeaf28185341b3df486e24bffce5354224b2c
ruby-2.0.0-p247.tar.bz2,https://ftp.ruby-lang.org/pub/ruby/2.0/ruby-2.0.0-p247.tar.bz2,60913f3eec0c4071f44df42600be2604,08e3d4b85b8a1118a8e81261f59dd8b4ddcfd70b6ae554e0ec5ceb99c3185e8a
rxvt-unicode-9.18.tar.bz2,https://ftp.ludd.ltu.se/mirrors/blfs/conglomeration/rxvt-unicode/rxvt-unicode-9.18.tar.bz2,963ccc748fe5bca925e7b92c0404d68b,87b72a43cac7c9362a984094c661a632ce1a829ad90f149142ab1953854b433f
samba-4.0.7.tar.gz,https://ftp.samba.org/pub/samba/stable/samba-4.0.7.tar.gz,d887c1383654fc60b7bb1b74d273a826,e9ad36ff65a1d6b6a57f272aa08f844139ac2b5b1cb2257f1236aa2a8c864245
sane-backends-1.0.23.tar.gz,https://ftp.ludd.ltu.se/mirrors/blfs/conglomeration/sane-backends/sane-backends-1.0.23.tar.gz,979c9dbb23920d04e322be23122c7de7,f8d3196df70058016c3728482704e34e0aea5703a504e3953996b2e7e9242faf
sane-frontends-1.0.14.tar.gz,https://ftp.ludd.ltu.se/mirrors/blfs/conglomeration/sane-frontends/sane-frontends-1.0.14.tar.gz,c63bf7b0bb5f530cf3c08715db721cd3,e7839dac1b70b5bb39124615aba8a136f5275d0e78bafd3d52ed76964ffea4a9
sawfish-1.9.1.tar.xz,https://ftp.ludd.ltu.se/mirrors/blfs/conglomeration/sawfish/sawfish-1.9.1.tar.xz,502cf6ad78e39288abeeb5d0527fe9a7,c1751abf46a52dead8a50fa4b91c09ff0540cb9cc988c76ebfea0bee9edd0618
sbc-1.1.tar.xz,https://www.kernel.org/pub/linux/bluetooth/sbc-1.1.tar.xz,ecadadbfd4b1dfe7b98f446c69126b23,9a30ad2dc20979a0847a7b1a06ea073498810f358a02fcad68ab414f239cfbc6
schroedinger-1.0.11.tar.gz,https://web.archive.org/web/20130903135800if_/http://diracvideo.org/download/schroedinger/schroedinger-1.0.11.tar.gz,da6af08e564ca1157348fb8d92efc891,1e572a0735b92aca5746c4528f9bebd35aa0ccf8619b22fa2756137a8cc9f912
scons-2.3.0.tar.gz,https://downloads.sourceforge.net/scons/scons-2.3.0.tar.gz,083ce5624d6adcbdaf2526623f456ca9,9442069999cf4b2caa94a5886ab4c2c71de1718ed5e9176c18e2b6dbca463b4b
screen_4.0.3.orig.tar.gz,https://archive.debian.org/debian-archive/debian/pool/main/s/screen/screen_4.0.3.orig.tar.gz,8506fd205028a96c741e4037de6e3c42,78f0d5b1496084a5902586304d4a73954b2bfe33ea13edceecf21615c39e6c77
sdcc231-pj2.tar.gz,https://www.pjrc.com/tech/8051/tools/sdcc231-pj2.tar.gz,8d884233a602c31926690708ef9bb9fe,8ff0237cf351f2a9b63a0213d3036331e2109539661eb22495e18ee89f72fa97
SDL_image-1.2.12.tar.gz,https://www.libsdl.org/projects/SDL_image/release/SDL_image-1.2.12.tar.gz,a0f9098ebe5400f0bdc9b62e60797ecb,0b90722984561004de84847744d566809dbb9daf732a9e503b91a1b5a84e5699
SDL-1.2.15.tar.gz,https://www.libsdl.org/release/SDL-1.2.15.tar.gz,9d96df8417572a2afb781a7c4c811a85,d6d316a793e5e348155f0dd93b979798933fb98aa1edebcc108829d6474aad00
seahorse-3.8.2.tar.xz,https://ftp.gnome.org/pub/gnome/sources/seahorse/3.8/seahorse-3.8.2.tar.xz,7b75ceef33aac972e782f09a5b1eaddf,b3837d088b7e3f7ebc41cb3f11c5c85e2df7e06bdc538a3e85bb1a13c34c9a12
seamonkey-2.19.source.tar.bz2,https://ftp.mozilla.org/pub/mozilla.org/seamonkey/releases/2.19/source/seamonkey-2.19.source.tar.bz2,233587b605261349405330005c91b2fe,3d05fc6af5a6bb7c30da38b7dfc32b68c6d8e3ab3257545e6605aa4d682abb46
seed-3.8.1.tar.xz,https://download.gnome.org/sources/seed/3.8/seed-3.8.1.tar.xz,f5afeb04343e0cb56d2396f0d0458988,80cb4db7fa6f6cf8d3e255fc45a81657388d458bc8bf23e4089e35f69eeaac32
sendmail.8.14.7.tar.gz,https://ftp.sendmail.org/past-releases/sendmail.8.14.7.tar.gz,348eedfab0ed00931f2df94e78f22c43,fa4ff9e67d1e5a42f353eedb207e08b38c0ac31030f7165866de2c520f508710
serf-1.3.0.tar.bz2,https://archive.apache.org/dist/serf/serf-1.3.0.tar.bz2,bb0dbf9494495db7e8b34eac99b2dc3a,174a46866907c54309c0ccac5efa34304e21979f365b30bdfea6c4ad330ec01c
sg3_utils-1.36.tar.xz,https://sg.danny.cz/sg/p/sg3_utils-1.36.tar.xz,5d1846c8aa03a2e39e1368cf05bf1cfd,505a46db655978d0f5b0a82be04188c43a6167b67962b343d6c258655e261403
sgml-common-0.6.3.tgz,https://sourceware.org/ftp/docbook-tools/new-trials/SOURCES/sgml-common-0.6.3.tgz,103c9828f24820df86e55e7862e28974,7dc418c1d361123ffc5e45d61f1b97257940a8eb35d0bfbbc493381cc5b1f959
shared-desktop-ontologies-0.10.0.tar.bz2,https://downloads.sourceforge.net/oscaf/shared-desktop-ontologies-0.10.0.tar.bz2,bfb7b5acbb43e5e45466c87dbe9c45b7,b11901f016b54c8d00917cd167cf8585245ad266125880118f91e75ee52ac503
shared-mime-info-1.1.tar.xz,https://freedesktop.org/~hadess/shared-mime-info-1.1.tar.xz,12ba00bf1cb2e69bfba73127e708e833,184d094b157a9ec2607ad26a1a1837e6e07f3fcbeb38d8b6d412906156f9e06c
sharutils-4.13.5.tar.xz,https://ftp.gnu.org/gnu/sharutils/sharutils-4.13.5.tar.xz,05b66d9b30336a9fd3b28fd1860e26c1,c73a828368647679f8f843eda11b78de5bc659fa059e782a405ae20ddd88b1f0
sidplay-libs-2.1.1.tar.gz,https://sourceforge.net/projects/sidplay2/files/sidplay2/sidplay-libs-2.1.1/sidplay-libs-2.1.1.tar.gz,7ea0ba5dc1da4604d15eaae001f7d2a7,e9a24ada48215a46d2c232a70c5601bc9505e997f120e8f2ba3713e09e28d1f9
silc-client-1.1.8.tar.bz2,https://web.archive.org/web/20130809182329/http://silcnet.org/download/client/sources/silc-client-1.1.8.tar.bz2,4219d96f6adc2eed406c6dbf8072ae90,623fec16aef312cc98a8a97c640b9451d3ea81d7690abc86bece2e8d5e19d3e2
silc-toolkit-1.1.10.tar.bz2,https://web.archive.org/web/20130809144758/http://silcnet.org/download/toolkit/sources/silc-toolkit-1.1.10.tar.bz2,f742b64064c40a2d22520549746cf2b4,a76cc364813b2d09dee7a9e99fda77db71b5bf752297176eb8de4fb0466eed76
slang-2.2.4.tar.bz2,https://www.jedsoft.org/releases/slang/old/slang-2.2.4.tar.bz2,7fcfd447e378f07dd0c0bae671fe6487,9a8257a9a2a55099af858b13338dc8f3a06dd2069f46f0df2c9c3bb84a01d5db
slib-3b4.tar.gz,https://groups.csail.mit.edu/mac/ftpdir/scm/slib-3b4.tar.gz,dcada65c4df4209c8f71211095bcef8e,9f7c50cb07ba996917aa1b15eca6392d0215ccbdfdf84f68486a23adc7f1d7a6
soprano-2.9.3.tar.bz2,https://downloads.sourceforge.net/soprano/soprano-2.9.3.tar.bz2,714a729809943efd4b536ed15cd66aca,94b3908dd0db5ea8a8c4f2d247db3191e6c26a9d3364d3b061fbf8b7502beb21
soundtouch-1.7.1.tar.gz,https://www.surina.net/soundtouch/soundtouch-1.7.1.tar.gz,957500b90593cd6c7d8adc62a64a1851,385eafa438a9d31ddf84b8d2f713097a3f1fc93d7abdb2fc54c484b777ee0267
spandsp-0.0.6.tar.gz,https://soft-switch.org/downloads/spandsp/spandsp-0.0.6.tar.gz,897d839516a6d4edb20397d4757a7ca3,cc053ac67e8ac4bb992f258fd94f275a7872df959f6a87763965feabfdcc9465
speex-1.2rc1.tar.gz,https://downloads.us.xiph.org/releases/speex/speex-1.2rc1.tar.gz,c4438b22c08e5811ff10e2b06ee9b9ae,342f30dc57bd4a6dad41398365baaa690429660b10d866b7d508e8f1179cb7a6
spkm-3.tar.gz,http://www.citi.umich.edu/projects/nfsv4/linux/spkm-tars/gss_mech_spkm.tar.gz,54c99f6a6a69222f0f5faede4b371dbe,76b207677c5ae760dfdd1c04213d25d92d0a265b3e958b8848125063c70a3750
sqlite-autoconf-3071700.tar.gz,https://sqlite.org/2013/sqlite-autoconf-3071700.tar.gz,18c285053e9562b848209cb0ee16d4ab,8ff46d0baa9e64c0815544e829e985f1161c096aa6344c8f430791dbeadc2baf
sqlite-doc-3071700.zip,https://sqlite.org/2013/sqlite-doc-3071700.zip,f8a99a3db44c9564b32fc47eca6d8cf0,b2706251b890594c27846785c83bb6bd72d1034bc986583098b8447db34845c6
sshfs-fuse-2.4.tar.gz,https://github.com/libfuse/sshfs/releases/download/sshfs_2_5/sshfs-fuse-2.4.tar.gz,3c7c3647c52ce84d09486f1da3a3ce24,3c93ba8522568093c94ff9c5a3763929380dd229365d905769ff82475d774dd1
startup-notification-0.12.tar.gz,https://www.freedesktop.org/software/startup-notification/releases/startup-notification-0.12.tar.gz,2cd77326d4dcaed9a5a23a1232fb38e9,3c391f7e930c583095045cd2d10eb73a64f085c7fde9d260f2652c7cb3cfbe4a
strigi-0.7.8.tar.bz2,https://www.vandenoever.info/software/strigi/strigi-0.7.8.tar.bz2,d69443234f4286d71997db9de543331a,43e461a625acdefa59bf58cc9d10aebda9eba920dfbe800fc77e6dcbf1eff989
stunnel-4.56.tar.gz,https://ftp.ludd.ltu.se/mirrors/blfs/conglomeration/stunnel/stunnel-4.56.tar.gz,ac4c4a30bd7a55b6687cbd62d864054c,9cae2cfbe26d87443398ce50d7d5db54e5ea363889d5d2ec8d2778a01c871293
subversion-1.8.1.tar.bz2,https://archive.apache.org/dist/subversion/subversion-1.8.1.tar.bz2,f2ee0471b8a560f5efa0f2349d9c9ab9,faaaaedba25777331e761884598af1dd9fe33631d6415b2e0ba5348867c4edb4
sudo-1.8.7.tar.gz,https://www.sudo.ws/sudo/dist/sudo-1.8.7.tar.gz,a02367090e1dac8d0c1747de1127b6bf,39626cf3d48c4fd5a9139a2627d42bfefac7ce47f470bdba3aeb4e3d7c49566a
svgalib-1.4.3.tar.gz,https://www.svgalib.org/svgalib-1.4.3.tar.gz,7d2778e3beebc07dd7c74668f6887c6f,5cc75a3a4acb26b57b302b19df406dd772a85cc218d1527c4a57eff53b29ce13
svgalib-1.9.25.tar.gz,https://my.svgalib.org/svgalib/svgalib-1.9.25.tar.gz,4dda7e779e550b7404cfe118f1d74222,2ad5da713a6bd69622c483de4e4f448ed2b82f7b954db43dc477d5b6b12d8602
swfmill_0.3.2.orig.tar.gz,https://archive.debian.org/debian-archive/debian/pool/main/s/swfmill/swfmill_0.3.2.orig.tar.gz,c607f8aba506ec32cc4423446fe6644e,fea57ff9dc534b8e2340ebe64637493672ccb64a9811d95b49bf032c8c7bea1c
swftools_0.9.2+ds1.orig.tar.gz,https://archive.debian.org/debian-archive/debian/pool/main/s/swftools/swftools_0.9.2+ds1.orig.tar.gz,04a04e44b37e86ce9009cd3e23d557c0,3dd56f6843bad43098d3fdfc291c46fe6853c3038a1d1eaaac798d09aea1f985
swig-2.0.10.tar.gz,https://sourceforge.net/projects/swig/files/swig/swig-2.0.10/swig-2.0.10.tar.gz,6d5e7ad05b4a404e5e85db9befb70c9a,d1eef329e867124ce60838b5ad07c763146b6c8f250dd22a861ead7406f78e63
sysstat-10.1.6.tar.bz2,https://ftp.ludd.ltu.se/mirrors/blfs/conglomeration/sysstat/sysstat-10.1.6.tar.bz2,61792b2591e4b3adcb7b979af2330fba,8b1d2bcec5f1c0cec4fd293603c90eaa9746abb786bb4a8018c8339fef6264b5
system-config-printer-1.4.1.tar.xz,https://cyberelk.net/tim/data/system-config-printer/1.4/system-config-printer-1.4.1.tar.xz,3d794eb88c5813c3024b181677a602dd,4e22413f3581fc1cf38af648573fa90bb7783a2c3b8be3aadf47beda101e04f8
t1lib-5.1.2.tar.gz,https://fossies.org/linux/misc/old/t1lib-5.1.2.tar.gz,a5629b56b93134377718009df1435f3c,821328b5054f7890a0d0cd2f52825270705df3641dbd476d58d17e56ed957b59
taglib-1.8.tar.gz,https://taglib.org/releases/taglib-1.8.tar.gz,dcb8bd1b756f2843e18b1fdf3aaeee15,66d33481703c90236a0a9d1c38fd81b584ca7109ded049225f5463dcaffc209a
talloc-2.0.8.tar.gz,https://samba.org/ftp/talloc/talloc-2.0.8.tar.gz,7857200b58a8617ca18fe2c91296cd93,1ec11e635e0318dbbb014db38ff96e8dba3ce5f614eeb7d993b4a5b71c016783
tcl-8.6.0-html.tar.gz,https://downloads.sourceforge.net/tcl/tcl8.6.0-html.tar.gz,e53baf609df8b55f091c258886b6f994,7d440f01bda9e4a2b88f735ae92292967bdfc6853e145718bba5f72edddd586a
tcl-8.6.0-src.tar.gz,https://downloads.sourceforge.net/tcl/tcl8.6.0-src.tar.gz,573aa5fe678e9185ef2b3c56b24658d3,354422b9c4791685499123b2dfe01faa98b555c08906c010cb4449ddc75dcade
tcsh_6.18.01.orig.tar.gz,https://archive.debian.org/debian-archive/debian/pool/main/t/tcsh/tcsh_6.18.01.orig.tar.gz,6eed09dbd4223ab5b6955378450d228a,d81ca27851f3e8545666399b4bcf25433e602a195113b3f7c73886fef84c9fa8
tdb-1.2.12.tar.gz,https://www.samba.org/ftp/tdb/tdb-1.2.12.tar.gz,53e6168a7c2c93735a1c024fd2c3a7b4,282d3db1cc56ac3011ae5f3922fd0c5bb217ecb0320836c23b6fe67f2163a71f
teckit-2.5.1.tar.gz,https://github.com/silnrsi/teckit/archive/refs/tags/2.5.1.tar.gz,bb2004eb730716e15e1a04ce29a81e49,1e24d177a469ad9b42dfa1ac26d756c5e8e44418e342c565056f654ad915339a
telepathy-glib-0.21.1.tar.gz,https://telepathy.freedesktop.org/releases/telepathy-glib/telepathy-glib-0.21.1.tar.gz,3266c56260a9d78f09c6e8d42a159f80,0311ba360633f390e91e669c2fc821c4c85d6444f56003ef5f252463384b5ef9
texi2html-5.0.tar.bz2,https://download.savannah.gnu.org/releases/texi2html/texi2html-5.0.tar.bz2,f15ac876fcdc8be865b16535f480aa54,e8a98b0ee20c495a6ab894398a065ef580272dbd5a15b1b19e8bd1bc89d9f9fa
texlive-20130530-source.tar.xz,https://ftp.math.utah.edu/pub/tex/historic/systems/texlive/2013/texlive-20130530-source.tar.xz,f52599c99fb1035399b907f4c54f1125,a905832e4c04dd1cb16db4bb7baacb78fbc19682bd33ac2697a3a85ce78d79d4
Thunar-1.6.3.tar.bz2,https://archive.xfce.org/src/xfce/thunar/1.6/Thunar-1.6.3.tar.bz2,4f10d5d5576ce5127308d6badbac3afa,9a2706f6881ac29cda9f0b0325d179153bc09e37bcbafcab9823c1c1ec89579d
thunar-volman-0.8.0.tar.bz2,https://archive.xfce.org/src/xfce/thunar-volman/0.8/thunar-volman-0.8.0.tar.bz2,250af757ea629c7c27f554d17119080c,ff0887c862b578580d05f4cd7db66081382ff143f9cc7ea3c9ba58cf5d02bceb
thunderbird-17.0.7.source.tar.bz2,https://releases.mozilla.org/pub/mozilla.org/thunderbird/releases/17.0.7/source/thunderbird-17.0.7.source.tar.bz2,31f07c3911d1d6772831195af64db963,682707e21c6ef1ee325983e30a05f254cfe31c98692eb632f3d6ca8f4682eece
tiff-4.0.3.tar.gz,https://download.osgeo.org/libtiff/old/tiff-4.0.3.tar.gz,051c1068e6a0627f461948c365290410,ea1aebe282319537fb2d4d7805f478dd4e0e05c33d0928baba76a7c963684872
tinycdb-0.78.tar.gz,https://www.corpit.ru/mjt/tinycdb/tinycdb-0.78.tar.gz,976266afc3f6e7e17492a8d18f21f8f6,50678f432d8ada8d69f728ec11c3140e151813a7847cf30a62d86f3a720ed63c
tk-8.6.0-src.tar.gz,https://downloads.sourceforge.net/tcl/tk8.6.0-src.tar.gz,b883a1a3c489c17413fb602a94bf54e8,5c708b2b6f658916df59190b27750fa1ea2bc10992108e10f961c0700f058de6
tokyocabinet-1.4.32.tar.gz,https://sourceforge.net/projects/tokyocabinet/files/tokyocabinet/1.4.32/tokyocabinet-1.4.32.tar.gz,a1a161eab1cb7487b23b6c914e2afb3e,ad2a2b80f77f0c0b2071cdfc1e8a99d11049df6237dfd70bc3ea5e191b7a5c28
totem-3.8.2.tar.xz,https://ftp.gnome.org/pub/gnome/sources/totem/3.8/totem-3.8.2.tar.xz,a7b332a6d3bb475e425fcb3bc45affee,eda9e0a016bb2ac14f7cd7c8c03b8ee1ab3f1b3ba6558f65c64514e5d2583e01
totem-pl-parser-3.4.5.tar.xz,https://ftp.gnome.org/pub/gnome/sources/totem-pl-parser/3.4/totem-pl-parser-3.4.5.tar.xz,c675bb7e0195397d3870fd3c9690b220,a573e078692b48895cb5b041385b2760d63e2ee496c8d499eccfa942e7c79f89
traceroute-2.0.19.tar.gz,https://downloads.sourceforge.net/traceroute/traceroute-2.0.19.tar.gz,dd15d563993020d088ba02e8f987deaf,082be58ec3e6fe9717a52160150e2f6d52fa90f8ecb82abf3b363c8150b0607e
tracker-0.16.2.tar.xz,https://download.gnome.org/sources/tracker/0.16/tracker-0.16.2.tar.xz,aff0080e06cd9304c40a08a0400dd7e5,033394636835628e01eb90efb55883fd88ec581910915b5948081f8f41df7409
transcode-1.1.7.tar.bz2,https://ftp.ludd.ltu.se/mirrors/blfs/conglomeration/transcode/transcode-1.1.7.tar.bz2,9bb25a796a8591fb764de46ee87ce505,1e4e72d8e0dd62a80b8dd90699f5ca64c9b0cb37a5c9325c184166a9654f0a92
transfig_3.2.5.d.orig.tar.gz,https://archive.debian.org/debian-archive/debian/pool/main/t/transfig/transfig_3.2.5.d.orig.tar.gz,da4de2b9da92226d1574d5f92a342c0c,0f6428eb98d00ebb7e6c5a17c569c9359abfc3ba01a0f99a5c20bdccbb521667
transmission-2.81.tar.xz,https://ftp.ludd.ltu.se/mirrors/blfs/conglomeration/transmission/transmission-2.81.tar.xz,db1ad10ecff07150486dab2365ccb3a8,bbb571f5825466aa45e6ef4ad286176135a1a9c0234ffea3527ebd8001cc56ab
tripwire-2.4.2.2-src.tar.bz2,https://downloads.sourceforge.net/tripwire/tripwire-2.4.2.2-src.tar.bz2,2462ea16fb0b5ae810471011ad2f2dd6,e09a7bdca9302e704cc62067399e0b584488f825b0e58c82ad6d54cd2e899fad
tslib-1.0.tar.gz,https://github.com/libts/tslib/archive/refs/tags/1.0.tar.gz,c6fcd0e1b55db926c8aa8bbcf2194518,b46cf45f9810b4f315ee11d354f86de89c4a0d0a67b294428d447fe004fc153e
tumbler-0.1.29.tar.bz2,https://archive.xfce.org/src/xfce/tumbler/0.1/tumbler-0.1.29.tar.bz2,f844215c5e3918eae58abdd85f146780,c3bac4ee609e22be6c7f01a4fdf6086bc6b57940d82f99570a2d9d547a32fc93
twm-1.0.7.tar.bz2,https://xorg.freedesktop.org/releases/individual/app/twm-1.0.7.tar.bz2,c1c124ff16255d6525a53a0d5cec8bf9,0f5d53dec62540fa97c96b4e983695cc32114836d256b64885253ab58b5bcd44
twolame-0.3.13.tar.gz,https://sourceforge.net/projects/twolame/files/twolame/0.3.13/twolame-0.3.13.tar.gz,4113d8aa80194459b45b83d4dbde8ddb,98f332f48951f47f23f70fd0379463aff7d7fb26f07e1e24e42ddef22cc6112a
udisks-1.0.4.tar.gz,https://hal.freedesktop.org/releases/udisks-1.0.4.tar.gz,86c63b2b5484f2060499a052b5b6256b,854b89368733b9c3a577101b761ad5397ae75a05110c8698ac5b29de9a8bf8f5
udisks-2.1.0.tar.bz2,https://udisks.freedesktop.org/releases/udisks-2.1.0.tar.bz2,a8c806034f096a8b10dfae1c4a917d0c,310208e5a10335dae4b52a0125c24d31cf292cce3d15cf65da4cd308e38d15a8
ufraw-0.19.2.tar.gz,https://sourceforge.net/projects/ufraw/files/ufraw/ufraw-0.19.2/ufraw-0.19.2.tar.gz,71ba19bbf2a4d7f3a17e5cc3d3efa3d4,73befe9f16f015a8c0f26cef3bb2e17cac9ae64aef2ade48c29aedb1ee51abd3
UMFPACK-5.6.2.tar.gz,https://web.archive.org/web/20130706173848/http://www.cise.ufl.edu/research/sparse/umfpack/UMFPACK-5.6.2.tar.gz,8d16f73dd16216f0d2ebb54460ae10a0,23755fca57b85457b0b0ecf8f9fce1214acb6dd7451d6a5139968db2704380b9
unbound-1.4.20.tar.gz,https://www.unbound.net/downloads/unbound-1.4.20.tar.gz,1f2d0b490fd7928a708a326beda21948,14527002307873e557348a4d76b62ac036937d9c3033610a8425018c379fb56e
unixODBC-2.3.1.tar.gz,https://www.unixodbc.org/unixODBC-2.3.1.tar.gz,86788d4006620fa1f171c13d07fdcaab,1f5be3edecff9e31072ef738ea1d8019594c4f0c2e3ab427e6eef153491db6a2
unrarsrc-5.0.8.tar.gz,https://www.rarlab.com/rar/unrarsrc-5.0.8.tar.gz,54fa097a9b91ab32c010fbcbdc51cda5,865a6520568c6490a1c8fe4132659c0b6a6131797154869367d6d5e63a80c047
unzip-6.0.tar.gz,https://downloads.sourceforge.net/infozip/unzip60.tar.gz,62b490407489521db863b523a7f86375,036d96991646d0449ed0aa952e4fbe21b476ce994abc276e49d30e686708bd37
upower-0.9.21.tar.xz,https://upower.freedesktop.org/releases/upower-0.9.21.tar.xz,1aa2b9e6fd757cd151bbaa4991eacc18,13c28e0a700291a322e0674894fedfd695889845ab82df2aafd699aa9bdbb2e2
urt-3.1b.tar.gz,https://www.mcmurchy.com/urt/urt-3.1b.tar.gz,052ce52a0c47679a0b03dc139debf3a7,284a066544d16547c0e936d3a960244640c6519e15589f81f0bfe5e1123004eb
usbutils-007.tar.xz,https://kernel.org/pub/linux/utils/usb/usbutils/usbutils-007.tar.xz,c9df5107ae9d26b10a1736a261250139,7593a01724bbc0fd9fe48e62bc721ceb61c76654f1d7b231b3c65f6dfbbaefa4
v4l-utils-1.0.0.tar.bz2,https://linuxtv.org/downloads/v4l-utils/v4l-utils-1.0.0.tar.bz2,2127f2d06be9162b0d346f7037a9e852,1de3882099e04e89e354675ee408b82c8ac8afd3ca6ab27ea321771901285f30
vala-0.20.1.tar.xz,https://ftp.gnome.org/pub/gnome/sources/vala/0.20/vala-0.20.1.tar.xz,f285a90af17c400e5a4bcecb2b9c318a,9cb7ecd18a23525e401c204d4d08341c7d911cd5d78078eee10b747ecb45e481
valgrind-3.8.1.tar.bz2,https://sourceware.org/pub/valgrind/valgrind-3.8.1.tar.bz2,288758010b271119a0ffc0183f1d6e38,473be00576bed311a662b277a2bfbe97d9cca4058e68619a0e420c9fc19958db
vbetool_1.1.orig.tar.gz,http://ftp.de.debian.org/debian/pool/main/v/vbetool/vbetool_1.1.orig.tar.gz,fba8f4901f12370ad6df8725d840a33b,55a1e667249b4b38b6d48e74950c1dadd4d8b9802e358956fd4050508aae12d3
vcdimager-0.7.24.tar.gz,https://ftp.gnu.org/gnu/vcdimager/vcdimager-0.7.24.tar.gz,3af22978fd79c79d5fda6513b6811145,075d7a67353ff3004745da781435698b6bc4a053838d0d4a3ce0516d7d974694
vim-7.2-lang.tar.gz,https://ftp.pl.vim.org/pub/vim/extra/vim-7.2-lang.tar.gz,d8884786979e0e520c112faf2e176f05,11607f539a4518b550bf1606b7d3a6f36c1ffdf566c058e7d94bced78034cd5b
virtuoso-opensource-6.1.7.tar.gz,https://downloads.sourceforge.net/virtuoso/virtuoso-opensource-6.1.7.tar.gz,88885e84e8f7b61e59516f696b1d3be5,c82c1ee90810db5ccd725f7d0d68b42aa6db9a1c8bf6fe2a4dd0ca91a271aa7f
vlc-2.0.8.tar.xz,https://download.videolan.org/pub/videolan/vlc/2.0.8/vlc-2.0.8.tar.xz,6445eb55aa087f30abe27423535e1ab8,a02af28345d4560e718066623f881b6eaf29ddce3b778fbf839e08b2415d1702
vo-aacenc-0.1.3.tar.gz,https://sourceforge.net/projects/opencore-amr/files/vo-aacenc/vo-aacenc-0.1.3.tar.gz,b574da1d92d75fc40b0b75aa16f24ac4,e51a7477a359f18df7c4f82d195dab4e14e7414cbd48cf79cc195fc446850f36
vo-amrwbenc-0.1.3.tar.gz,https://sourceforge.net/projects/opencore-amr/files/vo-amrwbenc/vo-amrwbenc-0.1.3.tar.gz,f63bb92bde0b1583cb3cb344c12922e0,5652b391e0f0e296417b841b02987d3fd33e6c0af342c69542cbb016a71d9d4e
vorbis-tools-1.4.0.tar.gz,https://downloads.xiph.org/releases/vorbis/vorbis-tools-1.4.0.tar.gz,567e0fb8d321b2cd7124f8208b8b90e6,a389395baa43f8e5a796c99daf62397e435a7e73531c9f44d9084055a05d22bc
vsftpd-3.0.2.tar.gz,https://security.appspot.com/downloads/vsftpd-3.0.2.tar.gz,8b00c749719089401315bd3c44dddbb2,be46f0e2c5528fe021fafc8dab1ecfea0c1f183063a06977f8537fcd0b195e56
vstream-client-1.2.1.1.tar.bz2,https://storage.googleapis.com/google-code-archive-downloads/v2/code.google.com/vstream-client/vstream-client-1.2.1.1.tar.bz2,4f2fc3e5835592f5d8c230aaacd6a7b6,caf3058b0afc0e8c01d752abf7a115a9b647fac1c6e9190a9aae8f79d4dcf09b
vte-0.28.2.tar.xz,https://ftp.gnome.org/pub/gnome/sources/vte/0.28/vte-0.28.2.tar.xz,497f26e457308649e6ece32b3bb142ff,86cf0b81aa023fa93ed415653d51c96767f20b2d7334c893caba71e42654b0ae
vte-0.34.7.tar.xz,https://ftp.gnome.org/pub/gnome/sources/vte/0.34/vte-0.34.7.tar.xz,aaab625a8d3ffe1f9a95fc9cd132040e,187e49cca574f548d04ceea701e95a1531ff9dd9cd1953ce6455824720dab932
w3m-0.5.3.tar.gz,https://downloads.sourceforge.net/w3m/w3m-0.5.3.tar.gz,1b845a983a50b8dec0169ac48479eacc,e994d263f2fd2c22febfbe45103526e00145a7674a0fda79c822b97c2770a9e3
wavpack_4.60.1.orig.tar.bz2,https://archive.debian.org/debian-archive/debian/pool/main/w/wavpack/wavpack_4.60.1.orig.tar.bz2,7bb1528f910e4d0003426c02db856063,175ee4f2effd6f51e6ec487956f41177256bf892c2e8e07de5d27ed4ee6888c5
wayland-1.2.0.tar.xz,https://wayland.freedesktop.org/releases/wayland-1.2.0.tar.xz,48d375afb15f3e68a72cf7b4fd8f4a63,6b0439a017185bc5b2fed96c178bed3abf7f19188f3078f4d69fd3ce222d654c
webkitgtk-1.10.2.tar.xz,https://webkitgtk.org/releases/webkitgtk-1.10.2.tar.xz,7b1a652af1eb11bee5bf7209e9ff67e6,19234f8e4edfaefe91ed06471a2aa8c71d26dd55d33787eede1dcfc9a3a96d9c
webkitgtk-2.0.4.tar.xz,https://webkitgtk.org/releases/webkitgtk-2.0.4.tar.xz,413be319ba171feed9348d1bede6b0a7,bd1550b7f6e1a55f803efe7d64438163ff6c04f02186002cb81d0c090aac734f
webrtc-audio-processing-0.1.tar.bz2,https://gitlab.freedesktop.org/pulseaudio/webrtc-audio-processing/-/archive/v0.1/webrtc-audio-processing-v0.1.tar.bz2,47e837ceeffda165e444c0f4f30a9906,c564642e3defd7bbee261afb96b76897b85ad13859c073c60101f651088c3a81
weston-1.2.0.tar.xz,https://wayland.freedesktop.org/releases/weston-1.2.0.tar.xz,86f8c9e865923e138ce44ee41d951500,122e12ae8e4ec4618780465c0cc31d70d67054900a2aac458f82ed6eb5d397b7
wget-1.14.tar.xz,https://ftp.gnu.org/gnu/wget/wget-1.14.tar.xz,316f6f59292c9098ad81fd54f658c579,1761d7f7c6a2ad6c8d494d239c53f0c17126efb6449ada16dee3a66d87a4147b
which-2.20.tar.gz,https://ftp.gnu.org/gnu/which/which-2.20.tar.gz,95be0501a466e515422cde4af46b2744,d417b65c650d88ad26a208293c1c6e3eb60d4b6d847f01ff8f66aca63e2857f8
whois_5.0.26.tar.xz,https://ftp.ludd.ltu.se/mirrors/blfs/conglomeration/whois/whois_5.0.26.tar.xz,236829eea77e85df2443a54815a1b41d,729625ef81425f4771e06492bb4f3e9f24bff75b8176044ce8d2f605f7ad6af5
wicd-1.7.2.4.tar.gz,https://launchpad.net/wicd/1.7/1.7.2.4/+download/wicd-1.7.2.4.tar.gz,c2435ddfdef0b9898852d72a85a45f0f,dcfdfb5dbbb49dbb9b205fddf064d6b1a4e88f66f1cf40d12fb7fe0e0c7cdc97
wicd-kde-v0.3.1.tar.bz2,https://invent.kde.org/unmaintained/wicd-kde/-/archive/v0.3.1/wicd-kde-v0.3.1.tar.bz2,9b092f05b2da158fd949c1ae769aee96,20a1321cfd1156cd1867bdb1a37a15f4bc71ab239243fcb6deab112761281c44
wildmidi-0.2.3.5.tar.gz,https://sourceforge.net/projects/wildmidi/files/outdated/wildmidi-0.2.3.5.tar.gz,44583c95fd67761f8cd6275fd1c312f2,00642702d3475d134596b19531c9e589043dcac482011494e42b035b4739e554
wireless_tools.29.tar.gz,https://hewlettpackard.github.io/wireless-tools/wireless_tools.29.tar.gz,e06c222e186f7cc013fd272d023710cb,6fb80935fe208538131ce2c4178221bab1078a1656306bce8909c19887e2e5a1
wireshark-1.10.1.tar.bz2,https://www.wireshark.org/download/src/all-versions/wireshark-1.10.1.tar.bz2,d8915cf7555e2bbb699020a8736631e7,06499544f053cc1f73529278ede0ac210d709cada8267e81d908bd346cc0c5bc
wpa_supplicant-2.0.tar.gz,https://ftp.ludd.ltu.se/mirrors/blfs/conglomeration/wpa_supplicant/wpa_supplicant-2.0.tar.gz,3be2ebfdcced52e00eda0afe2889839d,2c115609fbb5223d51381084a5c944455a8afcda81d584173ff55ba233379e09
wv_1.2.9.orig.tar.gz,https://archive.debian.org/debian-archive/debian/pool/main/w/wv/wv_1.2.9.orig.tar.gz,dbccf2e9f747e50c913b7e3d126b73f7,4c730d3b325c0785450dd3a043eeb53e1518598c4f41f155558385dd2635c19d
x264_0.123.2189+git35cf912.orig.tar.gz,https://archive.debian.org/debian-archive/debian/pool/main/x/x264/x264_0.123.2189+git35cf912.orig.tar.gz,2a39b6a36558e88333cbc6e54749c1b9,fd76017cc64c5eee95e980d8c3f0f5901548dc38fab1a5357ccbf1a6afbfa430
xbitmaps-1.1.1.tar.bz2,https://xorg.freedesktop.org/archive/individual/data/xbitmaps-1.1.1.tar.bz2,7444bbbd999b53bec6a60608a5301f4c,3671b034356bbc4d32d052808cf646c940ec8b2d1913adac51b1453e41aa1e9d
xcb-proto-1.8.tar.bz2,https://xcb.freedesktop.org/dist/xcb-proto-1.8.tar.bz2,a5de3432cc6e43cc6a27f241dbb991b1,233d16c7a019235b3092111e7c11429119357eb13754a607b75eea04453121b0
xcb-util-0.3.9.tar.bz2,https://xcb.freedesktop.org/dist/xcb-util-0.3.9.tar.bz2,01dcc7a16d5020530552712710646ea2,c611259c0ab20fd76f79f48f4684843c18ea9c967eba78a45e8b3636315c18c4
xcb-util-image-0.3.9.tar.bz2,https://xcb.freedesktop.org/dist/xcb-util-image-0.3.9.tar.bz2,fabb80b36490b00fc91289e2c7f66770,d35a3c0eaae171f5081ec127fb9cec174b716ce5d78196a87f2785376da021df
xcb-util-keysyms-0.3.9.tar.bz2,https://xcb.freedesktop.org/dist/xcb-util-keysyms-0.3.9.tar.bz2,64e4aad2d48cd4a92e2da13b9f35bfd2,7be1acf053bd68a1910fc861b2cbcbad7637b5618590dd5484d43a96f7995c6e
xcb-util-renderutil-0.3.8.tar.bz2,https://xcb.freedesktop.org/dist/xcb-util-renderutil-0.3.8.tar.bz2,b346ff598ee093c141f836fbc0f8f721,9789a5c55728fa7bae374d9fdf1c61095869bdc68561911760879095644c7452
xcb-util-wm-0.3.9.tar.bz2,https://xcb.freedesktop.org/dist/xcb-util-wm-0.3.9.tar.bz2,c612aae7ffe2e70fe743efab9c5548e9,038f9bdb917b1f6d98a164f57dfb32212a102d771ab6f03de49fef3786746030
xchat-2.8.8.tar.bz2,https://www.xchat.org/files/source/2.8/xchat-2.8.8.tar.bz2,6775c44f38e84d06c06c336b32c4a452,0d6d69437b5e1e45f3e66270fe369344943de8a1190e498fafa5296315a27db0
xclock-1.0.6.tar.bz2,https://xorg.freedesktop.org/releases/individual/app/xclock-1.0.6.tar.bz2,773782f20d5fb3232384889deca00754,21bb6f57b0a158c05a47558302321c4764a8d2e1b8e5d4ad23e3809b4cee3fd0
xcursor-themes-1.0.4.tar.bz2,https://xorg.freedesktop.org/archive/individual/data/xcursor-themes-1.0.4.tar.bz2,fdfb0ad9cfceed60e3bfe9f18765aa0d,e3fd2c05b9df0d88a3d1192c02143295744685f4f9a03db116e206698331bb86
xdg-utils-1.1.0-rc1.tar.gz,https://portland.freedesktop.org/download/xdg-utils-1.1.0-rc1.tar.gz,fadf5e7a08e0526fc60dbe3e5b7ef8d6,7b05558ae4bb8ede356863cae8c42e3e012aa421bf9d45130a570fd209d79102
xen-4.2.2.tar.gz,https://downloads.xenproject.org/release/xen/4.2.2/xen-4.2.2.tar.gz,f7362b19401a47826f2d8fd603a1782a,c9bfe91a5e72f8545acebad9889d64368020359bfe18044c0e683133e55ae005
xfburn-0.4.3.tar.bz2,https://archive.xfce.org/src/apps/xfburn/0.4/xfburn-0.4.3.tar.bz2,147cdc2d909e751125be16103b8dc81f,c9993226f0f4e3dea3326ad320a01c165a7e1a485f07fa4a2583475a4e6eaafe
xfce4-appfinder-4.10.1.tar.bz2,https://archive.xfce.org/src/xfce/xfce4-appfinder/4.10/xfce4-appfinder-4.10.1.tar.bz2,bea253956638e2df2dd950343b3b1b7b,65ee74ffa76334d273e4c9ae501ec7f81f7de028813849f7d1441cbf7788eb77
xfce4-mixer-4.10.0.tar.bz2,https://archive.xfce.org/src/apps/xfce4-mixer/4.10/xfce4-mixer-4.10.0.tar.bz2,e47d5b3e873fdee3fa80d309a5f53e9c,a8c589001b438171ea5a6b46ce9895c3ffbc5081ab67805ab9870e540068dade
xfce4-notifyd-0.2.4.tar.bz2,https://archive.xfce.org/src/apps/xfce4-notifyd/0.2/xfce4-notifyd-0.2.4.tar.bz2,094be6f29206aac8299f27084e284e88,8c7ed62f9496816d1391281f77d1b32216f9bf6fd22fbe4f6f3f4e07a6bbced0
xfce4-panel-4.10.1.tar.bz2,https://archive.xfce.org/src/xfce/xfce4-panel/4.10/xfce4-panel-4.10.1.tar.bz2,8a1f8371fc725ba00f4594c5c0f81c59,573052ed1b65e247415f92df120c8a78f9e4152c2636d38c923f82e32b8475d6
xfce4-power-manager-1.2.0.tar.bz2,https://archive.xfce.org/src/xfce/xfce4-power-manager/1.2/xfce4-power-manager-1.2.0.tar.bz2,935599b7114b0a4b0e2c9a5d6c72524c,d7fb98a540284b62f4201527de17d4b24123f9d26c9f49131dd497c8387184e9
xfce4-session-4.10.1.tar.bz2,https://archive.xfce.org/src/xfce/xfce4-session/4.10/xfce4-session-4.10.1.tar.bz2,1757657c1d590aa6274b7b7cbba33352,0154fabdc398798c3445374ccc52a2f5bcb2d867fc94bc54114395b24f9cfc83
xfce4-settings-4.10.1.tar.bz2,https://archive.xfce.org/src/xfce/xfce4-settings/4.10/xfce4-settings-4.10.1.tar.bz2,eaa86dd86ef0dad9cf7af1ee2c831972,118a6959ea50e3a533d7aa18ec5a878a47a30608b3ce9ce59a93c3888f4e13d5
xfce4-terminal-0.6.2.tar.bz2,https://archive.xfce.org/src/apps/xfce4-terminal/0.6/xfce4-terminal-0.6.2.tar.bz2,d5cdb302bd770c9f2d30262c26639006,3d92422288d26311880af694bb4e02c9235997ca307a5e85001bf6bef65c3b35
xfconf-4.10.0.tar.bz2,https://archive.xfce.org/src/xfce/xfconf/4.10/xfconf-4.10.0.tar.bz2,4ed48150a03fb5f42b455494307b7f28,175219a441cc7d0f210bbd1a3b0abba41598627cd9db27235811400c3e100576
xfdesktop-4.10.2.tar.bz2,https://archive.xfce.org/src/xfce/xfdesktop/4.10/xfdesktop-4.10.2.tar.bz2,54a84ce63046c279fc3ec3f436d2f1b0,49a6e0be513e307e896f7e5929825babec9bbcd4b2e73552f9d27647a4db797d
xfsprogs-3.1.11.tar.gz,https://ftp.ludd.ltu.se/mirrors/blfs/conglomeration/xfsprogs/xfsprogs-3.1.11.tar.gz,de9f1f45026c2f4e0776058d429ff4b6,adf4980177b5c890c1ca86b9c0e3e4d69a3f95bfc01746844280c2393cf4d6be
xfwm4-4.10.1.tar.bz2,https://archive.xfce.org/src/xfce/xfwm4/4.10/xfwm4-4.10.1.tar.bz2,10de50c79ed944cbb9c87741062c2a76,380c44fba6eb779e34be0fe94f3726cfa131803014d6073c45aec8a1257fa740
xine-lib-1.2.3.tar.xz,https://downloads.sourceforge.net/xine/xine-lib-1.2.3.tar.xz,011def012e9db3dee06808b4580ccede,e06a9e01d2632530e694d4a96bba71810e2f447f9ac036d2a150c43baa27852a
xine-ui-0.99.7.tar.xz,https://downloads.sourceforge.net/xine/xine-ui-0.99.7.tar.xz,2af6fcc2ad6af6ba2e471497c5d140dc,9d8cdfd1c5c84251d6978765b059adf57099ff6c447f3e4b59066c8563f66bc4
xinetd-2.3.15.tar.gz,https://ftp.ludd.ltu.se/mirrors/blfs/conglomeration/xinetd/xinetd-2.3.15.tar.gz,77358478fd58efa6366accae99b8b04c,bf4e060411c75605e4dcbdf2ac57c6bd9e1904470a2f91e01ba31b50a80a5be3
xinit-1.3.2.tar.bz2,https://xorg.freedesktop.org/releases/individual/app/xinit-1.3.2.tar.bz2,9c0943cbd83e489ad1b05221b97efd44,a1867fdaa83f68750b12ba4305c3c62f5992d0f52cfeb98e96c27a8e690e0235
xkbcommon-0.3.1.tar.gz,https://github.com/xkbcommon/libxkbcommon/archive/refs/tags/xkbcommon-0.3.1.tar.gz,08cdb220fc8f7ab7490f51c4479a85b1,dbffd3d9b4a11e03057ad2792b2cd059a51bed86e8ad1f22f4fea03a26b18643
xkeyboard-config-2.9.tar.bz2,https://xorg.freedesktop.org/archive/individual/data/xkeyboard-config/xkeyboard-config-2.9.tar.bz2,9b1280d8ba40274a0f1567c94fca7501,5e89bc182a10d53c3e83efc6c3546de0fe5504d91c3dbc80d55cc64ddab5643a
xmlrpc-epi-0.54.2.tar.bz2,https://sourceforge.net/projects/xmlrpc-epi/files/xmlrpc-epi-base/0.54.2/xmlrpc-epi-0.54.2.tar.bz2,081e605491429cda17c5f021f211b8fd,c74ef8fb680b140890138a82f37619714b67f69025a775b9ba2009d62cded0b8
xmlto-0.0.25.tar.bz2,https://mirrors.mit.edu/macports/distfiles/xmlto/xmlto-0.0.25.tar.bz2,6b6267b1470f8571fe5f63a128970364,361cb70d5d0b4b753db00b67ed8bc1d53d0bc96c407d0310aefe854470b7e536
xmlts20080827.tar.gz,https://www.w3.org/XML/Test/xmlts20080827.tar.gz,ae3d1ebe000a3972afa104ca7f0e1b4a,96151685cec997e1f9f3387e3626d61e6284d4d6e66e0e440c209286c03e9cc7
xmlunit-1.4-src.zip,https://sourceforge.net/projects/xmlunit/files/xmlunit%20for%20Java/XMLUnit%20for%20Java%201.4/xmlunit-1.4-src.zip,0b99949d5c8eb769da8123496aa02418,a849cff7531a80b5d1992596df647cedb537ecadeb7f640adac8e20f65880163
xmms-1.2.11.tar.bz2,https://web.archive.org/web/20140702055255/http://www.xmms.org/files/1.2.x/xmms-1.2.11.tar.bz2,f3e6dbaf0b3f571a532ab575656be506,7ec15c56632b6c82e61ccddeaefd372359af2f005708a58cdf3951c574b20390
xsane-0.998.tar.gz,https://ftp.ludd.ltu.se/mirrors/blfs/conglomeration/xsane/xsane-0.998.tar.gz,936f1cc76b37caa8f285e1e15ac7e0aa,a32e2f8057782a29619f082dcf6b5f944bf12abe3d4121c516f7c9589064c26e
xscreensaver-5.22.tar.gz,https://ftp.ludd.ltu.se/mirrors/blfs/conglomeration/xscreensaver/xscreensaver-5.22.tar.gz,f78dda2e82a4d22a87d0b7adbabc93f4,47b703ed22dce46a08f11ddd7d67d52e4f7ad8df844bdf956431069a0db36797
xsltml_2.1.2.zip,https://sourceforge.net/projects/xsltml/files/xsltml/v.2.1.2/xsltml_2.1.2.zip,a7983f859eafb2677d7ff386a023bc40,75823776fb51a9c526af904f1503a7afaaab900fba83eda64f8a41073724c870
xterm-296.tgz,https://invisible-island.net/archives/xterm/xterm-296.tgz,63d498b14a9d45ae79d3fd3124c72a17,619a6f397b73c19accc72f52e97fabe1dad38030963bfe086091892f07859906
xvidcore-1.3.2.tar.gz,https://downloads.xvid.org/downloads/xvidcore-1.3.2.tar.gz,87c8cf7b69ebed93c2d82ea5709d098a,84532724c47f452d1167962e64a7cf34fc22c26f6d3b7afa7304a3765e97689a
yaml-0.1.4.tar.gz,https://pyyaml.org/download/libyaml/yaml-0.1.4.tar.gz,36c852831d02cf90508c29852361d01b,7bf81554ae5ab2d9b6977da398ea789722e0db75b86bffdaeb4e66d961de6a37
yasm-1.2.0.tar.gz,https://www.tortall.net/projects/yasm/releases/yasm-1.2.0.tar.gz,4cfc0686cf5350dd1305c4d905eb55a6,768ffab457b90a20a6d895c39749adb547c1b7cb5c108e84b151a838a23ccf31
yelp-3.8.1.tar.xz,https://ftp.gnome.org/pub/gnome/sources/yelp/3.8/yelp-3.8.1.tar.xz,716581c68c0f52deb73a84820dae5795,73b3941316194dea8ea7d1d2b1f6612424c5d80ee1871ef627455893ad15606e
yelp-xsl-3.8.1.tar.xz,https://ftp.gnome.org/pub/gnome/sources/yelp-xsl/3.8/yelp-xsl-3.8.1.tar.xz,8f64d5abdd11067b675afe232b3ac6fa,afc519be07ffcbdcc20d1acfd1d901cfd03c7b4cf0667036534f2726bb68b40d
zapping-0.10cvs6.tar.bz2,https://sourceforge.net/projects/zapping/files/zapping/0.10cvs6/zapping-0.10cvs6.tar.bz2,6aa7614ac3fd5d39c89c2198598ad27b,1a6425b7aefdff8f06b0d209ff3490bcff237728ea5020995c91a7932a345c0b
zbar-0.10.tar.bz2,https://sourceforge.net/projects/zbar/files/zbar/0.10/zbar-0.10.tar.bz2,0fd61eb590ac1bab62a77913c8b086a5,234efb39dbbe5cef4189cc76f37afbe3cfcfb45ae52493bfe8e191318bdbadc6
zenity-3.8.0.tar.xz,https://download.gnome.org/sources/zenity/3.8/zenity-3.8.0.tar.xz,652aaaca39c5ff6f47984de5ef67e7be,94fbf0b71592f26dce0e2c49b82b4401139c8434084ad24c2c6a61ace1e6563f
zephyr_3.0.orig.tar.gz,https://archive.debian.org/debian-archive/debian/pool/main/z/zephyr/zephyr_3.0.orig.tar.gz,083824d15cbfbf12a03224a96a92bec3,8d09cd7a753ff8c8be9e5bd9db1a6a63c23171109ff2be6d876095d48cf5b6ff
zip30.tar.gz,https://downloads.sourceforge.net/infozip/zip30.tar.gz,7b74551e63f8ee6aab6fbc86676c0d37,f0e8bb1f9b7eb0b01285495a2699df3a4b766784c1765a8f1aeedf63c0806369
zsh-5.0.2-doc.tar.bz2,https://downloads.sourceforge.net/zsh/zsh-5.0.2-doc.tar.bz2,b6818cbbea635b2f70883bb913d0a04a,99ee08cfc91935af8714bd98db652f016d6c7a8a71ba7c6d6223910cd0b7fbf1
zsh-5.0.2.tar.bz2,https://downloads.sourceforge.net/zsh/zsh-5.0.2.tar.bz2,b8f2ad691acf58b3252225746480dcad,eb220ae5a8076191ec6b4c6a5a2f18122d074a19f25b45f0320b44b8166c5a03
zvbi-0.2.34.tar.bz2,https://sourceforge.net/projects/zapping/files/zvbi/0.2.34/zvbi-0.2.34.tar.bz2,135334895c06e385f551b45b323bbd25,29cfbb7ee1981e4553670d0dc4e079d192fd5f5d85f07e49795be55a600c6dab
zziplib-0.13.62.tar.bz2,https://sourceforge.net/projects/zziplib/files/zziplib13/0.13.62/zziplib-0.13.62.tar.bz2,5fe874946390f939ee8f4abe9624b96c,a1b8033f1a1fd6385f4820b01ee32d8eca818409235d22caf5119e0078c7525b
